,source,target,count
0,라비 (빅스),빅스,61
1,박진영,god,60
2,정일훈,비투비,59
3,G-DRAGON,빅뱅,59
4,방용국,비에이피,54
5,주헌 (몬스타엑스),몬스타엑스,51
6,WOOZI (SEVENTEEN),세븐틴,50
7,이민혁,비투비,49
8,I.M (몬스타엑스),몬스타엑스,48
9,정용화 (CNBLUE),씨엔블루,40
10,유건형,언타이틀,37
11,이현도,듀스,37
12,Young K,데이식스,36
13,바로,비원에이포,36
14,Vernon (SEVENTEEN),세븐틴,34
15,용준형,비스트,34
16,S.COUPS (SEVENTEEN),세븐틴,33
17,B.I,아이콘,32
18,지코 (ZICO),블락비,31
19,BUMZU,세븐틴,31
20,서태지,서태지와 아이들,31
21,프니엘,비투비,30
22,송수윤,보이프렌드,30
23,한성호,에프티 아일랜드,30
24,이홍기 (FT아일랜드),에프티 아일랜드,29
25,송수윤,인피니트,28
26,김태훈,쿨,28
27,문별 (마마무),마마무,28
28,BOBBY,아이콘,27
29,용감한 형제,틴탑,27
30,MINO,위너,27
31,송수윤,카라,27
32,LE (EXID),이엑스아이디,27
33,이승호,터보,26
34,진영,비원에이포,26
35,테디,원타임,25
36,이던,펜타곤,24
37,이상민,룰라,23
38,장대성,쿨,23
39,테디,투애니원,23
40,우석 (펜타곤),펜타곤,22
41,민규 (SEVENTEEN),세븐틴,22
42,김영아,젝스키스,22
43,진진 (ASTRO),아스트로,22
44,이승호,구피,21
45,이상민,샤크라,21
46,라키 (ASTRO),아스트로,21
47,박우상,마마무,21
48,김지향,빅스,21
49,이승훈,위너,21
50,이재진 (FT아일랜드),에프티 아일랜드,20
51,이승호,쿨,20
52,서재우 (TENTEN),비투비,20
53,M (이민우),신화,20
54,박경 (블락비),블락비,20
55,이승협 (J.DON),엔플라잉,20
56,방찬 (3RACHA),스트레이 키즈,19
57,엑시,우주소녀,19
58,창빈 (3RACHA),스트레이 키즈,19
59,유영진,에이치오티,19
60,천명훈,엔알지,19
61,천성일,노이즈,19
62,도한세 (VICTON),빅톤,19
63,김태윤,쿨,19
64,한 (3RACHA),스트레이 키즈,19
65,홍재선,알이에프,19
66,박진영,원더걸스,19
67,임현식,비투비,18
68,김영아,핑클,18
69,한재호,카라,18
70,원우 (SEVENTEEN),세븐틴,18
71,차쿤 (일렉트로보이즈),틴탑,17
72,방시혁,투에이엠,17
73,한성호,씨엔블루,17
74,유토,펜타곤,17
75,SWEETUNE,스누퍼,17
76,송백경,원타임,16
77,송수윤,나인뮤지스,16
78,김승수,카라,16
79,지민 (AOA),에이오에이,16
80,한경혜,쿨,16
81,테디,빅뱅,16
82,서정환,언타이틀,16
83,JB (GOT7),갓세븐,15
84,이기 (오레오),여자친구,15
85,한성호,에이오에이,15
86,용감한 형제,에이오에이,15
87,강승윤,위너,15
88,홍종구,노이즈,15
89,T.O.P,빅뱅,15
90,강타 (KANGTA),에이치오티,15
91,HighTop,빅플로,15
92,김태주,비스트,15
93,유영진,동방신기,15
94,용배 (RBW),여자친구,14
95,최종훈 (FT아일랜드),에프티 아일랜드,14
96,기희현,다이아,14
97,디노 (SEVENTEEN),세븐틴,14
98,김창환,노이즈,14
99,김도훈 (RBW),마마무,14
100,김태주,크나큰,14
101,종현 (JONGHYUN),샤이니,14
102,한재호,인피니트,14
103,서용배 (TENTEN),비투비,14
104,한진우,터보,14
105,김승수,인피니트,13
106,김창락,비에이피,13
107,신사동 호랭이,이엑스아이디,13
108,kenzie,레드벨벳,13
109,마부스 (Maboos),틴탑,13
110,kenzie,샤이니,13
111,화사 (마마무),마마무,13
112,미료,브라운 아이드 걸스,13
113,장예은,씨엘씨,13
114,JQ,엑소,13
115,C.A.P,틴탑,13
116,예빈 (다이아),다이아,13
117,은혁 (EUNHYUK),슈퍼주니어,13
118,호시 (SEVENTEEN),세븐틴,13
119,이현도,룰라,12
120,정욱,투포케이,12
121,문희준,에이치오티,12
122,김창락,에스에프나인,12
123,이기 (오레오),아스트로,12
124,제드,디베이스,12
125,용감한 형제,빅스타,12
126,미성,써니힐,12
127,이단옆차기,씨스타,12
128,박진영,투피엠,12
129,KZ,헤일로,12
130,BM,카드,12
131,낯선,카드,12
132,JR (뉴이스트),뉴이스트,12
133,장대성,젝스키스,12
134,에릭,신화,12
135,솔라 (마마무),마마무,12
136,김영아,쿨,12
137,신동욱,구피,12
138,한승우 (VICTON),빅톤,11
139,마부스 (Maboos),빅스타,11
140,조윤경,엑소,11
141,조윤경,샤이니,11
142,미르 (MBLAQ),엠블랙,11
143,M.I.B,엠아이비,11
144,T.K,씨클라운,11
145,Sofar,마이틴,11
146,심스 ($IM$),엠아이비,11
147,박초롱 (에이핑크),에이핑크,11
148,JR (뉴이스트),뉴이스트 W,11
149,조성호,비투비,11
150,박성호 (구피),구피,11
151,강남,엠아이비,11
152,박수석,비에이피,11
153,신승희,테이크,11
154,J.seph,카드,11
155,바다,에스이에스,11
156,Hip Wave Sound,비비드,11
157,빅싼초 (Yummy Tone),씨엘씨,11
158,정진환,쿨,11
159,서지음,오마이걸,11
160,BUMZU,뉴이스트 W,11
161,예지,피에스타,11
162,Rain,제이워크,11
163,용감한 형제,씨스타,11
164,강지원,시크릿,11
165,직 재스퍼 (Zick Jasper),엠아이비,11
166,룰라,룰라,10
167,서지음,엑소,10
168,SWEETUNE,백퍼센트,10
169,Rome,씨클라운,10
170,Good Life,비스트,10
171,미미 (오마이걸),오마이걸,10
172,이승호,젝스키스,10
173,kenzie,에프엑스,10
174,kenzie,엑소,10
175,알렉스 (하이포),하이포,10
176,임영준 (하이포),하이포,10
177,김이나,브라운 아이드 걸스,10
178,장이정 (JANGYIJEONG),히스토리,10
179,Z-uK (지욱),빅플로,10
180,유영진,에스이에스,10
181,이단옆차기,걸스데이,10
182,조성호,씨엘씨,10
183,신준섭,마이틴,10
184,뱀뱀 (GOT7),갓세븐,10
185,원필,데이식스,10
186,안영민,티아라,10
187,이현도,디베이스,9
188,용준형,하이라이트,9
189,earattack,갓세븐,9
190,테디,블랙핑크,9
191,김영아,오션,9
192,찬성,투피엠,9
193,강지원,비에이피,9
194,ZeroZine (MosPick),씨엘씨,9
195,버즈,버즈,9
196,안성일,제이워크,9
197,Long Candy,터보,9
198,유빈 (Yubin),원더걸스,9
199,김기범,비에이피,9
200,권현빈,제이비제이,9
201,로빈,씨스타,9
202,이종현 (CNBLUE),씨엔블루,9
203,차쿤 (일렉트로보이즈),에이오에이,9
204,비토,업텐션,9
205,BEOMxNANG,에이핑크,9
206,Do,디베이스,9
207,Brian Kim,신화,9
208,용감한 형제,브레이브걸스,9
209,토니 안,에이치오티,9
210,조윤경,소녀시대,9
211,은진,다이아,9
212,용감한 형제,유키스,9
213,백호 (뉴이스트),뉴이스트 W,9
214,렌,오션,9
215,민연재,보이프렌드,9
216,젤로,비에이피,9
217,TAG,골든차일드,8
218,유영진,신화,8
219,미친감성,헤일로,8
220,Chloe,갓세븐,8
221,Ferdy (MosPick),씨엘씨,8
222,택연,투피엠,8
223,용배 (RBW),아스트로,8
224,성연,프리스틴,8
225,조윤경,레드벨벳,8
226,박진영,갓세븐,8
227,김상균,제이비제이,8
228,김기범,시크릿,8
229,이트라이브,달샤벳,8
230,김이나,써니힐,8
231,임선아,버즈,8
232,장준,골든차일드,8
233,핫펠트 (예은),원더걸스,8
234,L.Joe,틴탑,8
235,마크 (GOT7),갓세븐,8
236,웨이,업텐션,8
237,NODAY,갓세븐,8
238,최갑원,하이포,8
239,은수,마이틴,8
240,라도,씨클라운,8
241,이도연,버즈,8
242,리시,몬스타엑스,8
243,신우,비원에이포,8
244,마르코,비에이피,8
245,최갑원,씨리얼,8
246,신사동 호랭이,티아라,8
247,수빈,달샤벳,8
248,김재중,제이와이제이,8
249,동해 (DONGHAE),슈퍼 주니어-디앤이,8
250,조은희,플라이 투 더 스카이,8
251,이단옆차기,제이제이씨씨,8
252,BUMZU,뉴이스트,8
253,승관 (SEVENTEEN),세븐틴,8
254,서융근,플라이 투 더 스카이,7
255,소연,(여자)아이들,7
256,일 (IL),비투비,7
257,Urban Cllasik,제국의 아이들,7
258,최규성,비스트,7
259,코스믹 사운드,마마무,7
260,이단옆차기,god,7
261,찬열 (CHANYEOL),엑소,7
262,차쿤 (일렉트로보이즈),빅스타,7
263,후이 (펜타곤),펜타곤,7
264,김영아,엔알지,7
265,god,god,7
266,김창락,엔플라잉,7
267,Misfit,에프엑스,7
268,홍지상,원더걸스,7
269,정하,비트윈,7
270,준케이 (JUN. K),투피엠,7
271,유니스,다이아,7
272,용감한 형제,애프터 스쿨,7
273,쿤,업텐션,7
274,한성호,에스에프나인,7
275,황현 (MonoTree),온앤오프,7
276,잭슨 (GOT7),갓세븐,7
277,김수정,오션,7
278,강은경,알이에프,7
279,이단옆차기,모모랜드,7
280,Team One Sound,슈퍼주니어,7
281,조윤경,슈퍼주니어,7
282,유영진,플라이 투 더 스카이,7
283,강동하,펜타곤,7
284,임팩트,임팩트,7
285,유영진,슈퍼주니어,7
286,이단옆차기,터보,7
287,박수석,소나무,7
288,윤후,비트윈,7
289,서지음,러블리즈,7
290,창조,틴탑,7
291,Ferdy (MosPick),비투비,7
292,Cream,엠아이비,7
293,kenzie,슈퍼주니어,7
294,이노베이터,엔플라잉,7
295,몬스터팩토리,다이아,7
296,박은우,소나무,7
297,동해 (DONGHAE),슈퍼주니어,7
298,이단옆차기,엠블랙,7
299,Team One Sound,슈퍼 주니어-디앤이,7
300,우태운,스피드,7
301,이현우,엔알지,6
302,민우 (보이프렌드),보이프렌드,6
303,장동우 (인피니트),인피니트 에이치,6
304,김부민,샤이니,6
305,Mafly,여자친구,6
306,별들의 전쟁,빅스타,6
307,진리 (Full8loom),아스트로,6
308,김형규,쿨,6
309,빅싼초 (Yummy Tone),비투비,6
310,NODAY,비스트,6
311,72,오마이걸,6
312,정한 (SEVENTEEN),세븐틴,6
313,이희승,씨엔블루,6
314,P.O (블락비),블락비 바스타즈,6
315,이희승,에프티 아일랜드,6
316,광민 (보이프렌드),보이프렌드,6
317,ZeroZine (MosPick),비투비,6
318,김미진,빅스,6
319,정일훈,씨엘씨,6
320,민연재,달샤벳,6
321,준Q,마이네임,6
322,코스믹 걸 (Cosmic Girl),마마무,6
323,지국현,신화,6
324,장우혁,제이티엘,6
325,정창욱,나인뮤지스,6
326,남태현,위너,6
327,민호 (MINHO),샤이니,6
328,성현,인투잇,6
329,장성재,테이크,6
330,이기광,비스트,6
331,인우,비에이피,6
332,낯선,제국의 아이들,6
333,ESBEE,몬스타엑스,6
334,서재우 (TENTEN),씨엘씨,6
335,박진영,투에이엠,6
336,정진환,오션,6
337,HOYA (호야),인피니트 에이치,6
338,원펀치,엔소닉,6
339,kenzie,동방신기,6
340,SWIN,유키스,6
341,진영 (GOT7),갓세븐,6
342,영재 (GOT7),갓세븐,6
343,e.one,제국의 아이들,6
344,DAY6 (데이식스),데이식스,6
345,서용배 (TENTEN),아스트로,6
346,블랙아이드 필승,틴탑,6
347,마르코,비아이지,6
348,태완 (Taewan),엠블랙,6
349,신사동 호랭이,비스트,6
350,한재호,더블에스오공일,6
351,David Kim,제이제이씨씨,6
352,한승훈,엔플라잉,6
353,로아,프리스틴,6
354,원택 (1Take),엠블랙,6
355,김영아,컬러링 베이비 7공주,6
356,조은희,구피,6
357,한승훈,에이오에이,6
358,김이나,빅스,6
359,홍지상,투피엠,6
360,원호 (몬스타엑스),몬스타엑스,6
361,제니,다이아,6
362,MELODESIGN,빅스,6
363,김이나,신화,6
364,Ollounder,드림캐쳐,6
365,신혜성,신화,6
366,원태연,파란,6
367,서지음,몬스타엑스,6
368,서림,엑소,6
369,피터팬,다이아,5
370,디에잇 (SEVENTEEN),세븐틴,5
371,정민 (보이프렌드),보이프렌드,5
372,밀리 (MILLY),비에이,5
373,남기상,쥬얼리,5
374,양재선,베이비 복스 리브,5
375,이단옆차기,카라,5
376,이단옆차기,티아라,5
377,신사동 호랭이,포미닛,5
378,시연,프리스틴,5
379,강동하,씨엘씨,5
380,kenzie,소녀시대,5
381,신사동 호랭이,피에스타,5
382,드라이브킹,풍뎅이,5
383,남기상,비트윈,5
384,JB (GOT7),JJ 프로젝트,5
385,전간디,샤이니,5
386,차쿤 (일렉트로보이즈),브레이브걸스,5
387,K-Smith,티아라,5
388,유겸 (GOT7),갓세븐,5
389,신민철,티맥스,5
390,황현 (MonoTree),엘리스,5
391,e.one,에이프릴,5
392,강타 (KANGTA),에스,5
393,김광휘,젝스키스,5
394,이단옆차기,베스티,5
395,신사동 호랭이,다이아,5
396,ZigZag Note,에이핑크,5
397,황현 (MonoTree),소녀시대,5
398,노유민,엔알지,5
399,안영민,신화,5
400,Misfit,엑소,5
401,ZeroZine (MosPick),펜타곤,5
402,북극곰,티아라,5
403,전다운,헤일로,5
404,데니안,god,5
405,AJ,유키스,5
406,신사동 호랭이,에이핑크,5
407,서재우 (TENTEN),포미닛,5
408,도겸 (SEVENTEEN),세븐틴,5
409,장우혁,에이치오티,5
410,1월 8일,레드벨벳,5
411,남기상,걸스데이,5
412,박우상,아스트로,5
413,버피 (BUFFY),매드타운,5
414,김이나,러블리즈,5
415,Mafly,소녀시대-태티서,5
416,정세희,쿨,5
417,조성호,펜타곤,5
418,김종숙,씨유,5
419,이기 (오레오),오렌지캬라멜,5
420,박진영,트와이스,5
421,소진 (걸스데이),걸스데이,5
422,이재원,제이티엘,5
423,정하나,시크릿,5
424,김부민,소녀시대,5
425,LIØN,젝스키스,5
426,정채연,다이아,5
427,준호,투피엠,5
428,쥬시 (JUCY),이블,5
429,Mafly,소녀시대,5
430,슈퍼창따이,투피엠,5
431,김정배,슈퍼주니어,5
432,김우진,베이비 복스 리브,5
433,LEEZ,드림캐쳐,5
434,제이하트 (J.Heart),제이하트,5
435,최강창민 (MAX),동방신기,5
436,MQ,엑소,5
437,김영아,브라운 아이드 걸스,5
438,김철민,허니스트,5
439,최태규,테이크,5
440,이승호,알이에프,5
441,서용배 (TENTEN),에이오에이,5
442,오종혁,클릭비,5
443,이승호,핑클,5
444,슈퍼창따이,레이디스 코드,5
445,주호,에스에프나인,5
446,혜림 (원더걸스),원더걸스,5
447,김종국,터보,5
448,이희승,클릭비,5
449,이스란,레드벨벳,5
450,임상혁,포미닛,5
451,김재양,에프티 아일랜드,5
452,조영수,티아라,5
453,황민현,뉴이스트,5
454,Razer (Strike),러블리즈,5
455,CL,투애니원,5
456,라이머,블락비,5
457,Steven Lee,더블에스오공일,5
458,천둥,엠블랙,5
459,이상호,에이오에이,5
460,하울,멜로디데이,5
461,황성진,디헤븐,5
462,성진,데이식스,5
463,별들의 전쟁,씨스타,5
464,조윤경,에프엑스,5
465,승환,로미오,5
466,송수윤,스텔라,5
467,Ferdy (MosPick),펜타곤,5
468,최명섭,젝스키스,5
469,BEOMxNANG,이엑스아이디,5
470,첸 (CHEN),엑소,5
471,BEOMxNANG,빅톤,5
472,박진영,미쓰에이,5
473,슬리피,비에이피,5
474,에스나 (eSNa),마마무,5
475,이주형 (MonoTree),에이프릴,5
476,빨강 (Red),풍뎅이,4
477,조윤경,트랙스,4
478,Sean Alexander,더블에스오공일,4
479,NEW SUN(뉴썬),소나무,4
480,Jae,데이식스,4
481,TAQ,힌트,4
482,Super Bomb,드림캐쳐,4
483,우리형과 내동생,비원에이포,4
484,블랙아이드 필승,씨스타,4
485,최승호,솔리드,4
486,조규만,플라이 투 더 스카이,4
487,Stereo14,몬스타엑스,4
488,영광의 얼굴들 (Full8loom),터보,4
489,영빈,에스에프나인,4
490,The Platonix,틴탑,4
491,진영 (GOT7),JJ 프로젝트,4
492,옥주현,핑클,4
493,Tablo,젝스키스,4
494,Slow Rabbit,방탄소년단,4
495,TKO,마이네임,4
496,키 (KEY),샤이니,4
497,지오 (G.O),엠블랙,4
498,Sangmind,룰라,4
499,KZ,써니힐,4
500,차쿤 (일렉트로보이즈),헬로비너스,4
501,오브로스,아스트로,4
502,Ye-Yo!,몬스타엑스,4
503,용감한 형제,제국의 아이들,4
504,카푸,힌트,4
505,KZ,히스토리,4
506,Mimi (Oh My Girl),오마이걸,4
507,찬희,에스에프나인,4
508,오레오,헤일로,4
509,Kenzie,슈퍼주니어,4
510,지국현,플라이 투 더 스카이,4
511,지성,티알씨엔지,4
512,오민,솔리드,4
513,용감한 형제,헬로비너스,4
514,용감한 형제,포미닛,4
515,박지연 (MonoTree),이달의 소녀 오드아이써클,4
516,KUSH,아이콘,4
517,별들의 전쟁,에이오에이,4
518,ZeroZine (MosPick),포미닛,4
519,ZigZag Note,레인보우,4
520,Unknown,핑클,4
521,빅싼초 (Yummy Tone),포미닛,4
522,조종수,투피엠,4
523,Sam Lewis,틴탑,4
524,최갑원,피에스타,4
525,e.one,우주소녀,4
526,주찬양 (티맥스),신화,4
527,진리 (Full8loom),위키미키,4
528,e.one,여자친구,4
529,주찬양 (티맥스),유키스,4
530,채영,트와이스,4
531,최갑원,버즈,4
532,서용배 (TENTEN),오렌지캬라멜,4
533,Mafly,몬스타엑스,4
534,Rphabet,인피니트,4
535,e.one,나인뮤지스,4
536,박창현,슈퍼주니어,4
537,정호현 (e.one),에이프릴,4
538,정은경,컬러링 베이비 7공주,4
539,용감한 형제,빅플로,4
540,오준성,샤이니,4
541,디스코 파이터,쥬얼리,4
542,안영민,대국남아,4
543,David Kim,신화,4
544,이현도,마이네임,4
545,Denis Seo,달샤벳,4
546,David Kim,카라,4
547,이특 (LEETEUK),슈퍼주니어,4
548,김영아,보이스립,4
549,David Kim,씨스타,4
550,라이머,티아라,4
551,승연 (Luizy),유니크,4
552,심재훈,달샤벳,4
553,David Kim,걸스데이,4
554,김영아,클릭비,4
555,슬리피,소나무,4
556,김영후,샤이니,4
557,라파엘,투피엠,4
558,미오 (MIO),여자친구,4
559,리나,미스터미스터,4
560,FRANTS,원더걸스,4
561,한경혜,베이비 복스 리브,4
562,소년비행,유키스,4
563,김민정,샤이니,4
564,김민종,더 블루,4
565,인행 (IN HAENG),헤일로,4
566,김민지,버즈,4
567,낯선,에이스,4
568,인우,시크릿,4
569,Dr.JO,갓세븐,4
570,김보은,드림캐쳐,4
571,김부민,동방신기,4
572,김부민,에프엑스,4
573,Alexandra,BP 라니아,4
574,김성수,트랙스,4
575,김성재,듀스,4
576,김혜선,솔리드,4
577,BIGBANG,빅뱅,4
578,김형준,더블에스오공일,4
579,이재훈 (쿨),쿨,4
580,허성진,틴탑,4
581,김이나,히스토리,4
582,김재덕,제이워크,4
583,김재양,씨엔블루,4
584,김창환,베이비복스,4
585,김정배,소녀시대,4
586,이용민,엔알지,4
587,이창민,투에이엠,4
588,이재원,에이치오티,4
589,호현,티알씨엔지,4
590,이재경,핑클,4
591,은종태,샤이니,4
592,은채,다이아,4
593,김진아,버즈,4
594,마부스 (Maboos),씨스타,4
595,김태윤,베이비 복스 리브,4
596,김이나,인피니트,4
597,Cream (M.I.B),엠아이비,4
598,Crom,문차일드,4
599,슈퍼창따이,미쓰에이,4
600,매드클라운,몬스타엑스,4
601,홍지유,슈가,4
602,송수윤,더블에스오공일,4
603,이준,솔리드,4
604,슈퍼창따이,백퍼센트,4
605,홍지유,악동 클럽 (디 에이디),4
606,몬스터팩토리,이엑스아이디,4
607,심은지,원더걸스,4
608,D`DAY,브라운 아이드 걸스,4
609,이승재,더블에스오공일,4
610,러버소울 (Rubber Soul),러버소울,4
611,이상민,클레오,4
612,이형석,엔소닉,4
613,민연재,백퍼센트,4
614,니엘,틴탑,4
615,노민혁,클릭비,4
616,라도,비스트,4
617,권도윤,힌트,4
618,JQ,멜로디데이,4
619,유민 (멜로디데이),멜로디데이,4
620,돌아온탕자,블레이디,4
621,유리 (YURI),소녀시대,4
622,JQ,레드벨벳,4
623,서지음,레드벨벳,4
624,노주환,여자친구,4
625,도마현,풍뎅이,4
626,Good Life,하이라이트,4
627,서현 (SEOHYUN),소녀시대,4
628,곽권일,솔리드,4
629,서지음,위키미키,4
630,서지음,우주소녀,4
631,강은경,문차일드,4
632,이단옆차기,소년공화국,4
633,강전명,비트윈,4
634,효린,씨스타,4
635,강타 (KANGTA),플라이 투 더 스카이,4
636,전다운,비에이피,4
637,박선주 (Pak Sun Zoo),엔알지,4
638,이단옆차기,스피드,4
639,JQ,비에이피,4
640,IRREGULARS,임팩트,4
641,우태운,터보,4
642,민연재,씨스타,4
643,장대성,쥬얼리,4
644,노는어린이,에이핑크,4
645,선우 (THE BOYZ),더보이즈,4
646,선미,원더걸스,4
647,신승익,틴탑,4
648,장대성,써클,4
649,노는어린이,다이아,4
650,민연재,스누퍼,4
651,이단옆차기,에이핑크,4
652,휘영,에스에프나인,4
653,안형석,비트윈,4
654,세용,마이네임,4
655,우태운,제이제이씨씨,4
656,를(LEL),티맥스,3
657,이단옆차기,제국의 아이들,3
658,로빈,우주소녀,3
659,이유애린,나인뮤지스,3
660,진리 (Full8loom),터보,3
661,달리,프로미스나인,3
662,김태윤,브라운 아이드 걸스,3
663,더 네임,보이프렌드,3
664,김태윤,컬러링 베이비 7공주,3
665,디즈,로미오,3
666,더 네임,씨스타,3
667,은혁 (EUNHYUK),슈퍼 주니어-디앤이,3
668,김창환,악동 클럽 (디 에이디),3
669,이단옆차기,파이브돌스,3
670,이용민,알이에프,3
671,이승호,악동 클럽 (디 에이디),3
672,주찬양 (티맥스),갓세븐,3
673,SU4MAN,비오케이,3
674,진호 (펜타곤),펜타곤,3
675,디액션 (D.Action),시크릿,3
676,STAINBOYS,다이아,3
677,주영훈,슈가,3
678,김태성,샤이니,3
679,SWEETUNE,러블리즈,3
680,도나,달샤벳,3
681,백호 (뉴이스트),뉴이스트,3
682,이기 (오레오),뉴이스트,3
683,이스란,슈퍼주니어,3
684,준 (SEVENTEEN),세븐틴,3
685,이기 (오레오),스카프,3
686,라이머,인피니트 에이치,3
687,라이머,씨스타,3
688,라이머,몬스타엑스,3
689,이보라,오마이걸,3
690,나고,몬스타엑스,3
691,진리 (Full8loom),다이아,3
692,나영,아이오아이,3
693,옐 (YEL),피에스타,3
694,나코,솔리드,3
695,남기상,달샤벳,3
696,라도,에이핑크,3
697,오레오,업텐션,3
698,이상규,파란,3
699,이상인,슈가,3
700,이노베이터,에이오에이,3
701,라도,포미닛,3
702,지인,엠블랙,3
703,지효,트와이스,3
704,별들의 전쟁,트와이스,3
705,별들의 전쟁,몬스타엑스,3
706,이기 (오레오),프로미스나인,3
707,김환,허니스트,3
708,똘아이박,다이아,3
709,레트로펑키,엠블랙,3
710,김태희,악동 클럽 (디 에이디),3
711,김태희,핑클,3
712,예아나이스 (MosPick),골든차일드,3
713,이스란,에프엑스,3
714,이기 (오레오),인피니트,3
715,이단 옆차기,엠블랙,3
716,오브로스,제이비제이,3
717,이든 (EDEN),비투비,3
718,진리 (Full8loom),로미오,3
719,이스란,동방신기,3
720,오브로스,스누퍼,3
721,라임 (헬로비너스),헬로비너스,3
722,이수민,달샤벳,3
723,Red Rocket,레인보우,3
724,이단옆차기,맵식스,3
725,Razer (Strike),인피니트,3
726,진리 (Full8loom),모모랜드,3
727,이유진,슈퍼주니어,3
728,zomay,스누퍼,3
729,Sam Lewis,트와이스,3
730,장재민,카라,3
731,권소현 (4minute),포미닛,3
732,권윤정,슈퍼주니어,3
733,유영석,소녀시대,3
734,정일훈,펜타곤,3
735,기리보이,몬스타엑스,3
736,정재윤,솔리드,3
737,김건우,마이네임,3
738,장동우 (인피니트),인피니트,3
739,김달우피터,테이크,3
740,정진욱,허니스트,3
741,유유진,티티마,3
742,김동원,에프티 아일랜드,3
743,김동현,신화,3
744,민설,애프터 스쿨,3
745,Yang.D,투포케이,3
746,유진,에스이에스,3
747,김보라,이엑스피에디션,3
748,민경훈,버즈,3
749,이효리,핑클,3
750,용감한 형제,씨스타19,3
751,Xepy,엘리스,3
752,XIA (준수),제이와이제이,3
753,유현상,카라,3
754,장용진,에이치오티,3
755,장지원,뉴이스트,3
756,김수빈,엔플라잉,3
757,박기영,아이돌,3
758,zomay,제이비제이,3
759,real-fantasy,제이비제이,3
760,가면라이더,리얼걸프로젝트,3
761,real-fantasy,업텐션,3
762,박유천,제이와이제이,3
763,가면라이더,크로스진,3
764,웅재 (임팩트),임팩트,3
765,강동하,비투비,3
766,강성훈,젝스키스,3
767,박수석,시크릿,3
768,강우경,구피,3
769,강욱진,젝스키스,3
770,원태연,솔리드,3
771,강은경,룰라,3
772,박선주 (Pak Sun Zoo),쿨,3
773,박선만,룰라,3
774,e.one,마이네임,3
775,유근,갓세븐,3
776,박덕상,티아라,3
777,전간디,러블리즈,3
778,용배 (RBW),프로미스나인,3
779,용배 (RBW),에스에프나인,3
780,곽상엽,에이치오티,3
781,이현정,디헤븐,3
782,김승수,더블에스오공일,3
783,리듬킹,이블,3
784,김은수,미쓰에이,3
785,윤일상,쿨,3
786,김은수,투피엠,3
787,매드클라운,씨스타,3
788,정성헌,스맥스,3
789,오지훈,태사자,3
790,T.O.P,지디 앤 탑,3
791,김이나,샤이니,3
792,마부스 (Maboos),유키스,3
793,김이나,피에스타,3
794,김이나,헬로비너스,3
795,마부스 (Maboos),브레이브걸스,3
796,김인형,샤이니,3
797,마부스,브레이브걸스,3
798,김재양,에이오에이,3
799,마르코,유앤비,3
800,마르코,시크릿,3
801,이정신 (CNBLUE),씨엔블루,3
802,마르코,소나무,3
803,김종숙,베이비 복스 리브,3
804,은우,프리스틴,3
805,조은희,베이비 복스 리브,3
806,이재경,버즈,3
807,김지향,구구단,3
808,윤우현,버즈,3
809,방시혁,파이브,3
810,김시형,히스토리,3
811,이지은,티아라,3
812,윤미래,엠아이비,3
813,김영아,룰라,3
814,박채원,파이브,3
815,제이덥 (JDUB),슈퍼 주니어-디앤이,3
816,이트라이브,슈퍼주니어,3
817,V!VE,이엑스아이디,3
818,Urban Cllasik,쥬얼리,3
819,김영아,쥬얼리,3
820,이택승,제이엔씨,3
821,박해운,쿨,3
822,Unknown,문차일드,3
823,제이켠,인투잇,3
824,와이엇,온앤오프,3
825,제이하트 (J.Heart),엔소닉,3
826,김영후,슈퍼주니어,3
827,문스톤,에스이에스,3
828,박현중,티아라,3
829,이창섭,비투비,3
830,온유 (ONEW),샤이니,3
831,무,쿨,3
832,김유라,에스이에스,3
833,몽실AB,베리굿,3
834,방시혁,방탄소년단,3
835,김이나,마마무,3
836,박창현,동방신기,3
837,LUCKY.D,헤일로,3
838,G-DRAGON,지디 앤 탑,3
839,JQ,슈퍼 주니어-디앤이,3
840,Long Candy,걸스데이,3
841,Brian Kim,제국의 아이들,3
842,David Kim,소년공화국,3
843,신유,더블에스오공일,3
844,한재호,슈가,3
845,JQ,첸백시,3
846,필독 (BIGSTAR),유앤비,3
847,David Kim,엠블랙,3
848,한승훈,에스에프나인,3
849,Mafly,비에이피,3
850,손지창,더 블루,3
851,키노,펜타곤,3
852,B.A.M,오마이걸 반하나,3
853,서지음,라붐,3
854,David Kim,디엠티엔,3
855,현아,씨엘씨,3
856,카일라,프리스틴,3
857,A.J,파란,3
858,피터팬,대국남아,3
859,GDLO (MonoTree),스텔라,3
860,영광의 얼굴들 (Full8loom),다이아,3
861,Daniel Kim,업텐션,3
862,GDLO (MonoTree),레이디스 코드,3
863,송양하,에이프릴,3
864,안영민,남녀공학,3
865,시윤,유키스,3
866,송양하,크로스진,3
867,C-no,레인보우,3
868,송지훈,크레용팝,3
869,한준,뉴이스트,3
870,청담슈퍼,엠블랙,3
871,Brand Newjiq (브랜뉴직),크로스진,3
872,Mafly,브이에이브이,3
873,한성호,엔플라잉,3
874,홍지상,베스티,3
875,슈퍼창따이,티맥스,3
876,한경혜,에프티 아일랜드,3
877,MONSTER FACTORY,모모랜드,3
878,홍지유,크로스진,3
879,홍지상,미쓰에이,3
880,Jay Kang,에이치오티,3
881,Dr.JO,트와이스,3
882,BEATAMIN,달샤벳,3
883,JayJay (MosPick),골든차일드,3
884,엔느,라붐,3
885,Bello,스누퍼,3
886,홍지유,샤크라,3
887,Jerry.L,비투비,3
888,홍지상,투에이엠,3
889,Eniac,마이네임,3
890,환희,플라이 투 더 스카이,3
891,DK$HINE,달샤벳,3
892,최규성,티아라,3
893,황금두현,써니데이즈,3
894,최규성,포미닛,3
895,한상원,카라,3
896,FRANTS,데이식스,3
897,최갑원,초신성,3
898,신준기,버즈,3
899,최갑원,쥬얼리,3
900,Mafly,걸스데이,3
901,MASTA WU,투애니원,3
902,빅싼초 (Yummy Tone),펜타곤,3
903,서정진,제이워크,3
904,Denis Seo,틴탑,3
905,BEOMxNANG,피에스타,3
906,어벤전승,에이프릴,3
907,Big Brother,에프티 아일랜드,3
908,Misfit,빅스,3
909,J. Yoon,러블리즈,3
910,송수윤,러블리즈,3
911,D`DAY,히스토리,3
912,허영생,더블에스오공일,3
913,Keyfly,몬스타엑스,3
914,어벤전승,라붐,3
915,최현준 (V.O.S),에이프릴,3
916,Mordny,유키스,3
917,텐조와 타스코,모모랜드,3
918,서용배 (TENTEN),뉴이스트,3
919,심은지,인피니트,3
920,서지음,에프엑스,3
921,JIN,크레용팝,3
922,허영생,더블에스 삼공일,3
923,GR8MOON,카드,3
924,양현석,스위티,3
925,Misfit,레드벨벳,3
926,송수윤,스피카,3
927,D`DAY,써니힐,3
928,1of1,더보이즈,3
929,흑태,여자친구,3
930,실버벨,풍뎅이,3
931,희도,비아이지,3
932,서지음,슈퍼주니어,3
933,창조,업텐션,3
934,피터팬,BP 라니아,3
935,서용배 (TENTEN),엔플라잉,3
936,최유정 (Weki Meki),아이오아이,3
937,D.ana(디애나),소나무,3
938,토니 안,제이티엘,3
939,J&S,알이에프,3
940,희철 (HEECHUL),슈퍼주니어,3
941,J. Yoon,인피니트,3
942,서용배 (TENTEN),스카프,3
943,비,엠블랙,3
944,안영민,에프티 아일랜드,3
945,태완 (Taewan),터치,3
946,Kenzie,트랙스,3
947,HIGHTOP,빅플로,3
948,DANI,투포케이,3
949,블루 매직,터치,3
950,심은지,에프엑스,3
951,심은지,투피엠,3
952,Distract,갓세븐,2
953,Dok2,엠블랙,2
954,이진경,신화,2
955,Dono S.Rodriguez,스텔라,2
956,이진,핑클,2
957,김세진,제이워크,2
958,DMTN,디엠티엔,2
959,이지혜,티알씨엔지,2
960,싸이 (PSY),디베이스,2
961,김부민,소녀시대-태티서,2
962,윤영민,소나무,2
963,김부민,슈퍼주니어,2
964,한상원,더블에스오공일,2
965,유토,비투비,2
966,유토,씨엘씨,2
967,모울,소녀시대,2
968,김상윤,엔알지,2
969,김유진,크나큰,2
970,미친감성,제이와이제이,2
971,김석현,플라이 투 더 스카이,2
972,이효리,스피카,2
973,Dr.JO,마마무,2
974,한상원,유키스,2
975,윤영민,다이아,2
976,이호승,마이네임,2
977,한상원,제국의 아이들,2
978,미쓰라 진,인피니트,2
979,이택승,샤크라,2
980,심현보,쥬얼리,2
981,문설리,라붐,2
982,김영아,슈가,2
983,김원,업텐션,2
984,이트라이브,소녀시대,2
985,문한미루,갓세븐,2
986,David Kim,베스티,2
987,E.Knock,빅뱅,2
988,윤사라,핑클,2
989,김우주,오션,2
990,한준,보너스베이비,2
991,손호영,god,2
992,윤산,핫샷,2
993,이치우,달샤벳,2
994,Daniel Kim,트와이스,2
995,윤사라,엑소,2
996,윤사라,멜로디데이,2
997,이토요,원더걸스,2
998,이태건,엘씨나인,2
999,김영준,젝스키스,2
1000,Daniel Kim,갓세븐,2
1001,Daniel Kim,미쓰에이,2
1002,David Kim,스피드,2
1003,한재호,레인보우,2
1004,김수빈,디헤븐,2
1005,김순곤,잉크,2
1006,김수빈,에스에프나인,2
1007,한서윤,에이핑크,2
1008,김수정,빅스,2
1009,이현규,문차일드,2
1010,윤여훈,엔소닉,2
1011,심재희,유키스,2
1012,Dear.D,비에이피,2
1013,이진호,에프티 아일랜드,2
1014,김유민,엔알지,2
1015,김승수,다이아,2
1016,David Kim,에이핑크,2
1017,무,에스이에스,2
1018,D`DAY,에이핑크,2
1019,김승수,레인보우,2
1020,김원준,클레오,2
1021,이하진,갓세븐,2
1022,한승훈,에프티 아일랜드,2
1023,윤명선,슈퍼주니어,2
1024,이트라이브,히스토리,2
1025,물만난물고기,오션,2
1026,김영아,오마이걸,2
1027,민연재,로미오,2
1028,김보형,스피카,2
1029,박강일,헤일로,2
1030,프랭키 (Frankie),이엑스피에디션,2
1031,장우영,투피엠,2
1032,안영민,빅뱅,2
1033,박근철,멜로디데이,2
1034,장예은,펜타곤,2
1035,안영민,브라운 아이드 걸스,2
1036,장예은,비투비,2
1037,서현 (SEOHYUN),소녀시대-태티서,2
1038,피오(P.O),파란,2
1039,권은빈,씨엘씨,2
1040,장연정,슈아이,2
1041,피정훈,알이에프,2
1042,권태은,원더걸스,2
1043,권호중,슈퍼주니어,2
1044,필강,빅뱅,2
1045,그레이,태사자,2
1046,GDLO (MonoTree),엘리스,2
1047,안영민,백퍼센트,2
1048,장여진,엑소,2
1049,유영진,레드벨벳,2
1050,유영진,샤이니,2
1051,피터팬,비아이지,2
1052,장여진,비에이피,2
1053,길미,뉴이스트,2
1054,피터팬,빅플로,2
1055,장여진,구구단,2
1056,G-High (MonoTree),이달의 소녀 오드아이써클,2
1057,차상민,쥬얼리,2
1058,GR8MOON,스텔라,2
1059,장윤서,마마무,2
1060,프니엘,펜타곤,2
1061,구피,구피,2
1062,박봉성,버즈,2
1063,강훈,디베이스,2
1064,전군,에이핑크,2
1065,HB,더블에스오공일,2
1066,박덕상,파이브돌스,2
1067,전간디,에프엑스,2
1068,투챔프,틴탑,2
1069,유근호,빅톤,2
1070,Gyuberlake,비스트,2
1071,전간디,동방신기,2
1072,파랑 (Blue),풍뎅이,2
1073,고영욱,룰라,2
1074,고우리,레인보우,2
1075,재용 (JAE YONG),헤일로,2
1076,유노윤호 (U-KNOW),동방신기,2
1077,박기현,파란,2
1078,유라 (걸스데이),걸스데이,2
1079,서지음,펜타곤,2
1080,펀치사운드,몬스타엑스,2
1081,페임제이,투피엠,2
1082,장준호,포미닛,2
1083,구자경,마이네임,2
1084,Gary Haase,파란,2
1085,장준호,달샤벳,2
1086,프니엘,씨엘씨,2
1087,박근철,임팩트,2
1088,GR8MOON,에이스,2
1089,G-High (MonoTree),에이프릴,2
1090,민연재,히스토리,2
1091,E.Knock,투애니원,2
1092,민연재,더블에스 삼공일,2
1093,김동열,크로스진,2
1094,김동완,신화,2
1095,아스트로 (ASTRO),아스트로,2
1096,김동현,레드벨벳,2
1097,김동현,샤이니,2
1098,임상혁,비스트,2
1099,김동현,엑소,2
1100,유유진,핑클,2
1101,김동현,플라이 투 더 스카이,2
1102,임보경,브라운 아이드 걸스,2
1103,김마초,마마무,2
1104,일렉트로보이즈,유키스,2
1105,FRANTS,갓세븐,2
1106,한경수,에스에프나인,2
1107,민연재,포미닛,2
1108,민수,소년공화국,2
1109,김민지 (Jam Factory),동방신기,2
1110,한경혜,버즈,2
1111,김민지 (Jam Factory),업텐션,2
1112,김민지 (Jam Factory),엑소,2
1113,유제니,소녀시대,2
1114,김민혁,지지배,2
1115,이희주,브이에이브이,2
1116,김병훈,투애니원,2
1117,ESBEE,빅톤,2
1118,김보아,레인보우,2
1119,김보아 (스피카),스피카,2
1120,김보아 (스피카),카라,2
1121,민연재,비에이피,2
1122,김동열,에이프릴,2
1123,김동열,업텐션,2
1124,Ferdy (MosPick),골든차일드,2
1125,필릭스,스트레이 키즈,2
1126,성오,투포케이,2
1127,G-High (MonoTree),레인보우,2
1128,김규종,더블에스오공일,2
1129,김근수,잉크,2
1130,성유리,핑클,2
1131,김기범,걸스데이,2
1132,성주 of Uniq,유니크,2
1133,김기범,샤크라,2
1134,유영진,엑소,2
1135,민연재,젝스키스,2
1136,김기범,파이브돌스,2
1137,하민우,제국의 아이들,2
1138,김남주 (에이핑크),에이핑크,2
1139,김남희,베이비 복스 리브,2
1140,임채현,파란,2
1141,하울,임팩트,2
1142,안데니,god,2
1143,민연재,슈퍼주니어,2
1144,김도훈 (RBW),비투비,2
1145,임영,더블에스오공일,2
1146,유유진,클릭비,2
1147,김도훈 (RBW),에이오에이,2
1148,Ferdy (MosPick),여자친구,2
1149,김도훈 (RBW),엔플라잉,2
1150,김도훈 (RBW),투에이엠,2
1151,임서현,버즈,2
1152,멧돼지,빅톤,2
1153,NODAY,미쓰에이,2
1154,김은수,베스티,2
1155,황유빈,샤이니,2
1156,이상호,비스트,2
1157,황성진,비투비,2
1158,나영,프리스틴,2
1159,라비 (빅스),구구단,2
1160,황성진,제이워크,2
1161,남기상,베리굿,2
1162,Alex Cantrall,샤이니,2
1163,이상인,플라이 투 더 스카이,2
1164,남기상,에이시아,2
1165,남기상,에이프릴,2
1166,황유빈,마마무,2
1167,라디오갤럭시,제이제이씨씨,2
1168,이상인,스맥스,2
1169,남우현,인피니트,2
1170,Artronic Waves,이달의 소녀 1/3,2
1171,이노베이터,에스에프나인,2
1172,이상윤,에프티 아일랜드,2
1173,낭이,모모랜드,2
1174,황유빈,첸백시,2
1175,낯선,BP 라니아,2
1176,이상백,스맥스,2
1177,ARRAN,러블리즈,2
1178,이상백,보이스립,2
1179,이상민,엑스라지,2
1180,황지원 (Jam Factory),동방신기,2
1181,황지원 (Jam Factory),로미오,2
1182,노는어린이,멜로디데이,2
1183,노는어린이,써니데이즈,2
1184,이기광,하이라이트,2
1185,황성제,신화,2
1186,신아녜스,에스이에스,2
1187,김혜정,비에이피,2
1188,황금두현,에이핑크,2
1189,레나,프리스틴,2
1190,이스란,엑소,2
1191,BOBBY,맙,2
1192,래환 (BIGSTAR),빅스타,2
1193,BLSSD,인피니트,2
1194,김형석,베이비 복스 리브,2
1195,스타트랙,소나무,2
1196,이스란,소녀시대-태티서,2
1197,BIGONE,투포케이,2
1198,이스란,샤이니,2
1199,김혜선,터보,2
1200,BEOMxNANG,달샤벳,2
1201,B.PLAN,씨클라운,2
1202,이상호,엔알지,2
1203,신익수,티티마,2
1204,Avengers,엠블랙,2
1205,라이머,초신성,2
1206,이서연,프로미스나인,2
1207,승,아이콘,2
1208,김희선,티아라,2
1209,김희선,플라이 투 더 스카이,2
1210,김희선,헬로비너스,2
1211,Ashtray,엔소닉,2
1212,황성제,소녀시대,2
1213,이상호,투윤,2
1214,이기 (오레오),헬로비너스,2
1215,이상호,와이투케이,2
1216,AB&CO.,엠블랙,2
1217,노는어린이,에이프릴,2
1218,레드락,와썹,2
1219,신아녜스,레이디스 코드,2
1220,디함,갓세븐,2
1221,220 VOLT,마이네임,2
1222,신사동 호랭이,소년공화국,2
1223,이도연,엔알지,2
1224,더 네임,몬스타엑스,2
1225,1월 8일,엑소,2
1226,신사동 호랭이,스피드,2
1227,1월 8일,신화,2
1228,더보이즈(THE BOYZ),더보이즈,2
1229,덤앤더머,크레용팝,2
1230,1월 8일,소녀시대,2
1231,휘성 (Realslow),샤이니,2
1232,이던,씨엘씨,2
1233,이던,비투비,2
1234,딘딘,다이아,2
1235,1월 8일,라붐,2
1236,디엠,디유닛,2
1237,휘성 (Realslow),오렌지캬라멜,2
1238,휘인 (마마무),마마무,2
1239,17HOLIC,달샤벳,2
1240,흑태,러블리즈,2
1241,1105,임팩트,2
1242,흑태,인피니트F,2
1243,동현 (보이프렌드),보이프렌드,2
1244,희님,슈퍼주니어,2
1245,100%서정,에프엑스,2
1246,디.브라운,제이와이제이,2
1247,디알로,유앤비,2
1248,신아녜스,보이프렌드,2
1249,똘아이박,BP 라니아,2
1250,노는어린이,유키스,2
1251,황현 (MonoTree),스텔라,2
1252,신또,대국남아,2
1253,노는어린이,카라,2
1254,라도,엠블랙,2
1255,황현 (MonoTree),동방신기,2
1256,황현 (MonoTree),레드벨벳,2
1257,9999,몬스타엑스,2
1258,신아녜스,슈퍼주니어,2
1259,노주환,레인보우,2
1260,이단옆차기,디엠티엔,2
1261,이민혁,펜타곤,2
1262,이민혁,씨엘씨,2
1263,79,갱키즈,2
1264,신민철,투엑스,2
1265,똘아이박,티아라,2
1266,신사동 호랭이,모모랜드,2
1267,똘아이박,타히티,2
1268,이미지스 (IMAGES),제이비제이,2
1269,노주환,헤일로,2
1270,4번타자,피에스타,2
1271,똘아이박,빅플로,2
1272,신아녜스,소녀시대,2
1273,이뮤즈,인투잇,2
1274,황현 (MonoTree),이달의 소녀 오드아이써클,2
1275,똘아이박,비아이지,2
1276,다미,드림캐쳐,2
1277,똘아이박,마이네임,2
1278,똘아이박,대국남아,2
1279,신사동 호랭이,달샤벳,2
1280,김현아,포미닛,2
1281,BOYTOY,갓세븐,2
1282,윤영주,컬러링 베이비 7공주,2
1283,김준선,에이시아,2
1284,현아,비투비,2
1285,김재현,더블에스 삼공일,2
1286,윤효상,천상지희 더 그레이스,2
1287,CAROL BORJAS,샤이니,2
1288,현아,펜타곤,2
1289,김정배,동방신기,2
1290,송양하,더블에스 삼공일,2
1291,송양하,업텐션,2
1292,현지원,엑소,2
1293,송지훈,디베이스,2
1294,송캐럿 (Jam Factory),레드벨벳,2
1295,C-2,슈퍼주니어,2
1296,송하영,프로미스나인,2
1297,마경식,쿨,2
1298,윤혜주,투윤,2
1299,은종태,딸기우유,2
1300,이장우,터보,2
1301,수영 (SOOYOUNG),소녀시대,2
1302,린지,피에스타,2
1303,은종태,티맥스,2
1304,Brian Joo,플라이 투 더 스카이,2
1305,BreadBeat (TENTEN),펜타곤,2
1306,이윤재,로미오,2
1307,김지훈 (J.Skillz),더블에스 삼공일,2
1308,이윤재,동방신기,2
1309,홍승성,비투비,2
1310,김진수,슈가,2
1311,신진혜,슈퍼주니어,2
1312,송승현 (FT아일랜드),에프티 아일랜드,2
1313,이제희,쿨,2
1314,김진아,슈퍼주니어,2
1315,김이나,오마이걸,2
1316,송백경,스위티,2
1317,DJ 머프,빅뱅,2
1318,김은수,트와이스,2
1319,이지안,임팩트,2
1320,김의성,샤크라,2
1321,심은지,러블리즈,2
1322,DIA (다이아),다이아,2
1323,이주형 (MonoTree),투피엠,2
1324,DAVINK (다빈크),문차일드,2
1325,송수윤,레인보우,2
1326,이주형 (MonoTree),카라,2
1327,해결사,백퍼센트,2
1328,김이나,언니쓰,2
1329,심선,브이에이브이,2
1330,혁 (빅스),빅스,2
1331,허성진,업텐션,2
1332,김이나,쿨,2
1333,김이나,투포케이,2
1334,Chloe,트와이스,2
1335,이주형 (MonoTree),레드벨벳,2
1336,박상준,업텐션,2
1337,Chloe,비스트,2
1338,김이지,베이비 복스 리브,2
1339,허찬 (VICTON),빅톤,2
1340,마부스 (Maboos),로미오,2
1341,마부스,초신성,2
1342,헌터 (Hunter),이엑스피에디션,2
1343,송수윤,투하트,2
1344,이유진,엑소,2
1345,신지원,쥬얼리,2
1346,레오 (빅스),빅스,2
1347,김태주,씨클라운,2
1348,김태완,유키스,2
1349,김태우,god,2
1350,Ben Hostetler,이엑스피에디션,2
1351,슈퍼창따이,마틸다,2
1352,Bekuh BOOM,블랙핑크,2
1353,김태윤,슈가,2
1354,로빈,타이니지,2
1355,Bee,러블리즈,2
1356,홍지유,신화,2
1357,홍지유,알,2
1358,홍지유,에프엑스,2
1359,슈퍼창따이,에이핑크,2
1360,BULL$EYE,크로스진,2
1361,이승호,문차일드,2
1362,Billion Dollar Baby,미쓰에이,2
1363,BULL$EYE,제이비제이,2
1364,홍지유,태사자,2
1365,김태형,클릭비,2
1366,홍지유,플라이 투 더 스카이,2
1367,홍지유,핑클,2
1368,슈퍼창따이,틴탑,2
1369,이승재,에이젝스,2
1370,김태희,잉크,2
1371,환희,마이네임,2
1372,김태희,쥬얼리,2
1373,이승재,더블에스 삼공일,2
1374,김태희,터보,2
1375,이기 (오레오),업텐션,2
1376,김태완,비에이피,2
1377,김태영,히스토리,2
1378,홍재선,보이 클럽,2
1379,이용민,클릭비,2
1380,를(LEL),보이프렌드,2
1381,Brand Newjiq (브랜뉴직),에이프릴,2
1382,Brand Newjiq (브랜뉴직),업텐션,2
1383,이강희,디베이스,2
1384,김진환,소녀시대,2
1385,이우천,플라이 투 더 스카이,2
1386,김진환,에이핑크,2
1387,김진훈,디헤븐,2
1388,이건우,룰라,2
1389,이건우,솔리드,2
1390,Brand Newjiq (브랜뉴직),더블에스 삼공일,2
1391,이우민 `collapsedone`,갓세븐,2
1392,이건우,아이돌,2
1393,이용민,클레오,2
1394,김태영,써니힐,2
1395,슈,에스이에스,2
1396,Boy Club,보이 클럽,2
1397,Bluesun,업텐션,2
1398,로코,티아라,2
1399,BlueBridge,마이네임,2
1400,홍지상,JJ 프로젝트,2
1401,슈퍼 창따이,에이핑크,2
1402,김창환,터보,2
1403,슈퍼 창따이,투피엠,2
1404,김태성,동방신기,2
1405,이기 (오레오),다이아,2
1406,이신성,에이핑크,2
1407,이신성,에이프릴,2
1408,위한샘,워너비,2
1409,피터팬,티아라,2
1410,TEXU,피에스타,2
1411,Young-Hu Kim,에프엑스,2
1412,박진영,JJ 프로젝트,2
1413,주효,원더걸스,2
1414,양재선,에이포,2
1415,양재선,씨유,2
1416,박지후,립버블,2
1417,박지환,립버블,2
1418,박지원,프로미스나인,2
1419,용감한 형제,티아라,2
1420,S-One,러브,2
1421,정주희 (Jam Factory),엑소,2
1422,케빈오빠,데이식스,2
1423,KUSH,빅뱅,2
1424,베카 (애프터스쿨),애프터 스쿨,2
1425,Ryan S. Jhun,유키스,2
1426,Ryan S. Jhun,슈퍼주니어,2
1427,Ryan,투피엠,2
1428,Ryan,엔소닉,2
1429,Ryan,업텐션,2
1430,코난 (로코베리),아이즈,2
1431,Ryan,갓세븐,2
1432,Yorkie,헬로비너스,2
1433,KZ,에이핑크,2
1434,박준하,트랙스,2
1435,Kenzie,동방신기,2
1436,서용배 (TENTEN),포미닛,2
1437,정한종,알,2
1438,서용배 (TENTEN),헬로비너스,2
1439,서운영,샤크라,2
1440,Kevin,제국의 아이들,2
1441,SEVILL,인투잇,2
1442,양현석,서태지와 아이들,2
1443,주태영,베리굿,2
1444,양현석,빅뱅,2
1445,YOUNG H.KIM,신화,2
1446,S.E.S.,에스이에스,2
1447,최갑원,신화,2
1448,Kenn Kato,에프티 아일랜드,2
1449,최희진,핑클,2
1450,SEION,에이프릴,2
1451,서융근,신화,2
1452,최갑원,슈퍼주니어,2
1453,범이,모모랜드,2
1454,SEION,걸스데이,2
1455,정진환,컬러링 베이비 7공주,2
1456,박지연,갓세븐,2
1457,Mafly,빅스,2
1458,Maxx Song,대국남아,2
1459,Rich Jang,스텔라,2
1460,Mafly,헤일로,2
1461,ZigZag Note,여자친구,2
1462,ZigZag Note,유키스,2
1463,변방의 킥소리,러블리즈,2
1464,청담슈퍼,제국의 아이들,2
1465,Jimmy Richard,더블에스오공일,2
1466,오브로스,빅톤,2
1467,Jimmy Burney,슈퍼주니어,2
1468,정은지,에이핑크,2
1469,쿤타,달샤벳,2
1470,ZigZag Note,에이프릴,2
1471,크라이베이비,몬스타엑스,2
1472,박정민,더블에스오공일,2
1473,Rescue The Beat,몬스타엑스,2
1474,Jenyer,포미닛,2
1475,e.one,비투비,2
1476,청담슈퍼,매드타운,2
1477,Maxx Song,갓세븐,2
1478,e.one,신화,2
1479,Razer (Strike),골든차일드,2
1480,서재우 (TENTEN),펜타곤,2
1481,ZigZag Note,에스아이에스,2
1482,Rphabet,미쓰에이,2
1483,조윤경,동방신기,2
1484,Mafly,에이프릴,2
1485,준혁,핫샷,2
1486,양요섭,비스트,2
1487,용배 (RBW),업텐션,2
1488,Mafly,오마이걸,2
1489,코리,투포케이,2
1490,ZeroZine (MosPick),(여자)아이들,2
1491,K. Smith,티아라,2
1492,오브로스,업텐션,2
1493,Mafly,트와이스,2
1494,ZigZag Note,아이비아이,2
1495,Junebug,오마이걸,2
1496,코스믹 사운드,스피카,2
1497,초이,엘에이유,2
1498,지국현,러브,2
1499,코타,써니힐,2
1500,콰지모도,브이에이브이,2
1501,ZigZag Note,멜로디데이,2
1502,청담슈퍼,피에스타,2
1503,RickyP,젝스키스,2
1504,Keyfly,비에이피,2
1505,주찬양 (티맥스),핫샷,2
1506,Xepy,몬스타엑스,2
1507,조규만,클릭비,2
1508,Shaun Kim,다이아,2
1509,오희준,크나큰,2
1510,SeungHwan,로미오,2
1511,"The Hitman ""Bang""",아이즈,2
1512,조은희,쿨,2
1513,조은희,클릭비,2
1514,최유정 (Weki Meki),위키미키,2
1515,최은하,멜로디데이,2
1516,Sean Alexander,슈퍼주니어,2
1517,박현중,파이브돌스,2
1518,배진렬 (JR Groove),엔소닉,2
1519,Sean Alexander,샤이니,2
1520,조은희,핑클,2
1521,Tommy Park,미쓰에이,2
1522,Tommy Park,투피엠,2
1523,조pd (ZoPD),브라운 아이드 걸스,2
1524,어벤전승,레인보우,2
1525,배화영,동방신기,2
1526,제이호,임팩트,2
1527,서용배 (TENTEN),다이아,2
1528,오하영 (에이핑크),에이핑크,2
1529,Sky,쿨,2
1530,SUGA,방탄소년단,2
1531,조슈아 (SEVENTEEN),세븐틴,2
1532,오지훈,구피,2
1533,M (이민우),쥬얼리,2
1534,상추,초신성,2
1535,Long Candy,티아라,2
1536,Long Candy,우주소녀,2
1537,최수정,에스이에스,2
1538,최수정,파란,2
1539,새벽,로미오,2
1540,조윤경,슈퍼 주니어-디앤이,2
1541,조성호,포미닛,2
1542,방시혁,god,2
1543,Long Candy,맵식스,2
1544,Long Candy,다이아,2
1545,MATT ZARLEY,파란,2
1546,Long Candy,god,2
1547,배성현,첸백시,2
1548,MAYFLY,제이비제이,2
1549,TWELVE,투포케이,2
1550,최규성,이엑스아이디,2
1551,오종혁,제이엔씨,2
1552,UNB,유앤비,2
1553,오운 (OOON),헤일로,2
1554,MINO,맙,2
1555,Keyfly,헤일로,2
1556,SWEETCH,인피니트,2
1557,Kohway,프로씨,2
1558,MPM,대국남아,2
1559,박창현,플라이 투 더 스카이,2
1560,오션 (5TION),오션,2
1561,주영훈,아이돌,2
1562,Wiidope,빅톤,2
1563,William B,서태지와 아이들,2
1564,박창현,업텐션,2
1565,MR.CHO,데이식스,2
1566,빌리비,미스터미스터,2
1567,최갑원,플라이 투 더 스카이,2
1568,정호현 (e.one),트와이스,2
1569,정호현 (e.one),워너원,2
1570,Keyfly,여자친구,2
1571,정호현 (e.one),소나무,2
1572,빅톤,카드,2
1573,최현준 (V.O.S),유니티,2
1574,SUN,업텐션,2
1575,주찬양 (티맥스),레인즈,2
1576,용감한 형제,로미오,2
1577,제이 (Jay),트랙스,2
1578,LE (2LSON),소년공화국,2
1579,SWEETUNE,골든차일드,2
1580,Unknown,악동 클럽 (디 에이디),2
1581,조준영,플라이 투 더 스카이,2
1582,Unknown,에이포,2
1583,최재우,플라이 투 더 스카이,2
1584,조진광,구피,2
1585,배화영,에스이에스,2
1586,오예진,인투잇,2
1587,최준영,룰라,2
1588,SWIN,파란,2
1589,Urban Cllasik,나인뮤지스,2
1590,SWIN,초신성,2
1591,최준영,치치,2
1592,용감한 형제,BP 라니아,2
1593,V-Hwak,틴탑,2
1594,백명한,하이포,2
1595,백종열,룰라,2
1596,MONSTER FACTORY,티아라,2
1597,VanAn,마이네임,2
1598,서용배 (TENTEN),씨엘씨,2
1599,e.one,에이핑크,2
1600,오준성,티맥스,2
1601,양갱,모모랜드,2
1602,Mirror Boy,갓세븐,2
1603,북극곰,씨클라운,2
1604,JQ,동방신기,2
1605,PINKMOON (핑크문),모모랜드,2
1606,진리 (Full8loom),구구단,2
1607,태양,빅뱅,2
1608,강명신,에이핑크,2
1609,원영헌,빅톤,2
1610,PEEJAY,빅뱅,2
1611,PASCAL GUYON,슈퍼주니어,2
1612,P.O (블락비),파란,2
1613,오레오,여자친구,2
1614,JOKER,씨클라운,2
1615,JIN,비에이,2
1616,태완 (Taewan),유키스,2
1617,P.O (블락비),블락비,2
1618,박수민,스피카,2
1619,서지음,샤이니,2
1620,Misfit,샤이니,2
1621,Misfit,소나무,2
1622,Misfit,슈퍼주니어,2
1623,탁 (TAK),러블리즈,2
1624,강남사운드,써스포,2
1625,차희 (멜로디데이),멜로디데이,2
1626,탁 (TAK),골든차일드,2
1627,정성윤,핑클,2
1628,정성윤,클릭비,2
1629,Peniel,비투비,2
1630,안형석,칠학년일반,2
1631,타이거JK,엠아이비,2
1632,zomay,업텐션,2
1633,타이비언,베리굿,2
1634,Pdogg,틴탑,2
1635,JQ,워너비,2
1636,Pdogg,투에이엠,2
1637,Pdogg,방탄소년단,2
1638,서지음,동방신기,2
1639,가면라이더,코코소리,2
1640,가영,스텔라,2
1641,가은,달샤벳,2
1642,JQ,샤이니,2
1643,Minuki,쥬얼리,2
1644,박시연,쿨,2
1645,JQ,몬스타엑스,2
1646,원태연,멜로디데이,2
1647,진리 (Full8loom),엘리스,2
1648,진리 (Full8loom),우주소녀,2
1649,강전명,걸스데이,2
1650,브라더수,방탄소년단,2
1651,원택 (1Take),프로미스나인,2
1652,전상환,백퍼센트,2
1653,블랙아이드 필승,에이핑크,2
1654,강전명,쥬얼리,2
1655,Mr. Cho,갓세븐,2
1656,테디,아이콘,2
1657,테디,지디 앤 탑,2
1658,전다운,시크릿,2
1659,강지원,걸스데이,2
1660,전다운,소나무,2
1661,텐조,워너원,2
1662,NOP.K,지피베이직,2
1663,차용운,레인보우,2
1664,강지원,파이브돌스,2
1665,텐조와 타스코,제이제이씨씨,2
1666,HOYA (호야),인피니트,2
1667,HONE,더보이즈,2
1668,강타 (KANGTA),엔알지,2
1669,진영,아이오아이,2
1670,차쿤 (일렉트로보이즈),빅플로,2
1671,J.Y.PARKTHEASIANSOUL,투피엠,2
1672,박선주 (Pak Sun Zoo),티티마,2
1673,강은경,구피,2
1674,태을,블락비,2
1675,원택 (1Take),골든차일드,2
1676,태익,백퍼센트,2
1677,OllePolle,틴탑,2
1678,원택 (1Take),러블리즈,2
1679,차쿤 (일렉트로보이즈),유키스,2
1680,Miunki,쥬얼리,2
1681,원택 (1Take),씨클라운,2
1682,Miwa,씨엔블루,2
1683,강은경,젝스키스,2
1684,태훈,신화,2
1685,전승우,플라이 투 더 스카이,2
1686,전승우,파이브,2
1687,전승우,클릭비,2
1688,블랙아이드 필승,트와이스,2
1689,박성수,슈가,2
1690,차쿤 (일렉트로보이즈),스텔라,2
1691,브라더수,몬스타엑스,2
1692,정성헌,브라운 아이드 걸스,2
1693,탁 (TAK),프로미스나인,2
1694,박우현,브이에이브이,2
1695,e.one,투피엠,2
1696,키겐,빅스,2
1697,앤드,플라이 투 더 스카이,2
1698,Jaden Jeong,이달의 소녀 오드아이써클,2
1699,별들의 전쟁,제국의 아이들,2
1700,서정진,제이엔씨,2
1701,지안 (임팩트),임팩트,2
1702,지인,씨클라운,2
1703,kenzie,첸백시,2
1704,영광의 얼굴들 (Full8loom),아스트로,2
1705,우연석,제이엔씨,2
1706,우연석,클릭비,2
1707,mOnSteR nO.9,빅톤,2
1708,Postino,비투비,2
1709,정연,트와이스,2
1710,박은우,비에이피,2
1711,앤드류 최,JJ 프로젝트,2
1712,earattack,씨스타,2
1713,영광의 얼굴들 (Full8loom),구구단,2
1714,Megatone (13),여자친구,2
1715,earattack,트와이스,2
1716,R307,에프티 아일랜드,2
1717,영광의 얼굴들 (Full8loom),로미오,2
1718,RM,방탄소년단,2
1719,iHwak,씨스타,2
1720,우석 (펜타곤),비투비,2
1721,우석 (펜타곤),씨엘씨,2
1722,별들의 전쟁,워너원,2
1723,iHwak,젝스키스,2
1724,Question,배틀,2
1725,지예원 (Joombas),엑소,2
1726,정용화 (CNBLUE),에이오에이,2
1727,j-hope,방탄소년단,2
1728,서정아,아이오아이,2
1729,정수민,임팩트,2
1730,Jamil Kazmi,에프티 아일랜드,2
1731,Micky,동방신기,2
1732,지수,디엠티엔,2
1733,찬용,백퍼센트,2
1734,JQ,티알씨엔지,2
1735,ssengirl,업텐션,2
1736,정수민,멜로디데이,2
1737,별들의 전쟁,틴탑,2
1738,별들의 전쟁,헬로비너스,2
1739,보라 (씨스타),씨스타,2
1740,Ponde,브이에이브이,2
1741,Ragoon IM,투피엠,2
1742,우진,스트레이 키즈,2
1743,Mikey J. Romeo,룰라,2
1744,이기 (오레오),로미오,1
1745,이기 (오레오),마마무,1
1746,신아녜스,엑소,1
1747,이기 (오레오),마이틴,1
1748,염동건,에이젝스,1
1749,이나경,프로미스나인,1
1750,에이맨,씨엔블루,1
1751,영광의 얼굴들 (Full8loom),초신성,1
1752,영광의 얼굴들 (Full8loom),카라,1
1753,염동건,투피엠,1
1754,신승익,허니스트,1
1755,신아녜스,나인뮤지스,1
1756,오준성,더블에스오공일,1
1757,신연아,샤크라,1
1758,신승익,크레용팝,1
1759,엔느,레인보우,1
1760,은채,루비,1
1761,에스킴,티아라,1
1762,오유원,걸스데이,1
1763,신연아,베이비복스,1
1764,엔느,러블리즈,1
1765,오유원,로미오,1
1766,이기 (오레오),베스티,1
1767,이강,프로씨,1
1768,오준성,슈퍼주니어,1
1769,신아녜스,동방신기,1
1770,에이노,브이에이브이,1
1771,신아녜스,에이오에이,1
1772,에이팀,레인보우 블랙,1
1773,오브로스,리얼걸프로젝트,1
1774,오유원,크레용팝,1
1775,오유원,엑소,1
1776,신연아,베이비 복스 리브,1
1777,에이팀,키스&크라이,1
1778,엔 (VIXX),빅스,1
1779,이다윤,스피드,1
1780,이나티,디엠티엔,1
1781,이경남,동방신기,1
1782,영광의 얼굴들 (Full8loom),트와이스,1
1783,이건우,씨아이브이에이,1
1784,이경남,베이비복스,1
1785,에피톤 프로젝트,슈퍼주니어,1
1786,신영정,엔알지,1
1787,이다리,제이제이씨씨,1
1788,이결,신화,1
1789,이건우,엔알지,1
1790,에코브릿지,브라운 아이드 걸스,1
1791,신지원,에스이에스,1
1792,이경남,제국의 아이들,1
1793,이건영,씨리얼,1
1794,오민주,샤이니,1
1795,오준성,나인뮤지스,1
1796,영광의 얼굴들 (Full8loom),위키미키,1
1797,오민주,슈퍼주니어,1
1798,영광의 얼굴들 (Full8loom),투피엠,1
1799,오자현,소나무,1
1800,오자현,소년공화국,1
1801,이교원,달샤벳,1
1802,이경민,몬스타엑스,1
1803,이경섭,티아라,1
1804,오민주,몬스타엑스,1
1805,신아녜스,온앤오프,1
1806,이경봉,제국의 아이들,1
1807,에이팀,엘씨나인,1
1808,영광의 얼굴들 (Full8loom),포미닛,1
1809,신지선,클릭비,1
1810,오예진,업텐션,1
1811,예빈 (다이아),빈챈현스S,1
1812,오늘도 새벽 4시,아이즈,1
1813,오레오,인피니트,1
1814,신종섭,프로씨,1
1815,오성훈,레인보우,1
1816,여정윤,베이비 복스 리브,1
1817,여은 (멜로디데이),멜로디데이,1
1818,이단옆차기,다이아,1
1819,오성훈,엠블랙,1
1820,여비호이,터치,1
1821,이기 (오레오),프리스틴,1
1822,오성훈,오렌지캬라멜,1
1823,이기 (오레오),엠블랙,1
1824,이기 (오레오),엔플라잉,1
1825,이기 (오레오),피에스타,1
1826,영광의 얼굴들 (Full8loom),걸스데이,1
1827,영광의 얼굴들 (Full8loom),엘리스,1
1828,신아녜스,샤이니,1
1829,이단옆차기,비에이피,1
1830,신유미,첸백시,1
1831,오민석,더보이즈,1
1832,이기 (오레오),카라,1
1833,영광의 얼굴들 (Full8loom),우주소녀,1
1834,오레오,아스트로,1
1835,이단옆차기,멜로디데이,1
1836,이기 (오레오),타이니지,1
1837,신은주,문차일드,1
1838,오브로스2,빅톤,1
1839,오레오,멜로디데이,1
1840,오레오,이달의 소녀 1/3,1
1841,오브로스,터치,1
1842,오브로스2,아스트로,1
1843,신익주,미스터미스터,1
1844,이기 (오레오),투에이엠,1
1845,신인수,걸스데이,1
1846,오레오,러블리즈,1
1847,오성훈,남녀공학,1
1848,이단옆차기,라붐,1
1849,이기 (오레오),애프터 스쿨,1
1850,여지원,컬러링 베이비 7공주,1
1851,오성훈,제이워크,1
1852,오예진,비에이피,1
1853,이기 (오레오),비원에이포,1
1854,예아나이스 (MosPick),신화,1
1855,이기 (오레오),블락비,1
1856,염동건,비아이지,1
1857,신중현,첸백시,1
1858,이기원 (레인즈),레인즈,1
1859,오예진,레인즈,1
1860,오브로스,틴탑,1
1861,오성훈,티아라,1
1862,엘 (인피니트),인피니트,1
1863,신아녜스,멜로디데이,1
1864,신아녜스,레인보우,1
1865,신우섭,프로씨,1
1866,엔느,마틸다,1
1867,예성 (YESUNG),슈퍼주니어,1
1868,이기찬,비투비,1
1869,이단옆차기,아이오아이,1
1870,엠블랙,엠블랙,1
1871,오예진,더보이즈,1
1872,여름,터보,1
1873,오세은,터보,1
1874,이기광,레인즈,1
1875,이단옆차기,뉴이스트,1
1876,신아녜스,스텔라,1
1877,신아녜스,씨엘씨,1
1878,이단옆차기,씨엘씨,1
1879,신중현,원더걸스,1
1880,오승은,파란,1
1881,신유,신화,1
1882,이기광,비투비,1
1883,오승환,비아이지,1
1884,이기 (오레오),씨엘씨,1
1885,예하나,프리스틴,1
1886,이단옆차기,아스트로,1
1887,연규중,투포케이,1
1888,신유,블랙 비트,1
1889,안영민,쥬얼리,1
1890,오지훈,비에이,1
1891,야마아트,우주소녀,1
1892,유재하,에프티 아일랜드,1
1893,아리,에프티 아일랜드,1
1894,아리,씨엔블루,1
1895,유정 (LABOUM),라붐,1
1896,우석 (펜타곤),(여자)아이들,1
1897,야마아트,업텐션,1
1898,우라탕탕,위키미키,1
1899,아메리카노 (Americano),디헤븐,1
1900,아르마딜로,투에이엠,1
1901,얀키 (Yankie),샤이니,1
1902,양갱,다이아,1
1903,유종호,테이크,1
1904,아르마딜로,우주소녀,1
1905,유창용,에스이에스,1
1906,유재하,슈퍼주니어,1
1907,유재하,비투비,1
1908,용배 (RBW),로미오,1
1909,우수,아이즈,1
1910,앙꼬 (힙잡),미스터미스터,1
1911,유유진,쿨,1
1912,앙리,유키스,1
1913,우은증,밀크,1
1914,앙리,인피니트,1
1915,아폴론,레인즈,1
1916,아이유,하이포,1
1917,아바타 LEE,구피,1
1918,아이엔,스트레이 키즈,1
1919,야마,써니데이즈,1
1920,우석 (펜타곤),워너원,1
1921,유은미,티알씨엔지,1
1922,유음,에이치유비,1
1923,야마아트,빅톤,1
1924,유치연,오렌지캬라멜,1
1925,아르마딜로,씨엘씨,1
1926,아르마딜로,스트레이 키즈,1
1927,양승훈,엠블랙,1
1928,유현경,클릭비,1
1929,유현종,써니힐,1
1930,양갱,우주소녀,1
1931,양경주,미스터미스터,1
1932,유휘헌,써니힐,1
1933,유희열,샤이니,1
1934,유희열,슈퍼주니어,1
1935,용준형,포미닛,1
1936,유희열,유앤비,1
1937,심현보,써니힐,1
1938,심현보,구구단,1
1939,심지선,인피니트,1
1940,육성재,비투비,1
1941,윤경,슈가,1
1942,유현경,젝스키스,1
1943,용배 (RBW),엔플라잉,1
1944,유하,프리스틴,1
1945,싸이 (PSY),아이콘,1
1946,싸이 (PSY),쿨,1
1947,싸이져,비스트,1
1948,용배 (RBW),오렌지캬라멜,1
1949,용배 (RBW),프리스틴,1
1950,용배 (RBW),피에스타,1
1951,싸이져,써니힐,1
1952,싸이킥스,지지배,1
1953,유토,(여자)아이들,1
1954,써니사이드 챙,태사자,1
1955,쏘울풀몬스터,엑소,1
1956,유키,트와이스,1
1957,아론,나인뮤지스,1
1958,유치연,헬로비너스,1
1959,아폴론,비오케이,1
1960,안녕하신가영,나인뮤지스,1
1961,알고보니 혼수상태,소년공화국,1
1962,원택 (1Take),몬스타엑스,1
1963,안영민,스피드,1
1964,원택 (1Take),이엑스아이디,1
1965,원택 (1Take),워너원,1
1966,유민형,오션,1
1967,안용진,god,1
1968,원택 (1Take),소년24,1
1969,원택 (1Take),모모랜드,1
1970,원준 (소년공화국),소년공화국,1
1971,안영민,슈가,1
1972,원태연,애프터 스쿨,1
1973,안영민,비스트,1
1974,유상헌,투에이엠,1
1975,유선균,비아이지,1
1976,유세윤,베스티,1
1977,안영민,애프터 스쿨,1
1978,유리,쿨,1
1979,원택 (1Take),인피니트,1
1980,안영민,애프터스쿨 블루,1
1981,유두호,샤이니,1
1982,유니스,빈챈현스S,1
1983,안영주,멜로디데이,1
1984,유남용,동방신기,1
1985,안영주,구구단,1
1986,원펀치,제이하트,1
1987,안영민,플라이 투 더 스카이,1
1988,원필,업텐션,1
1989,유근,터보,1
1990,안영민,초신성,1
1991,유권 (블락비),블락비,1
1992,안영민,오렌지캬라멜,1
1993,윌리,매드타운,1
1994,유야,빅톤,1
1995,유영건,써니데이즈,1
1996,유유진,젝스키스,1
1997,유유성,써클,1
1998,안영민,갱키즈,1
1999,우태운,소나무,1
2000,유영진,에프엑스,1
2001,안성준,제이엔씨,1
2002,유영진,트랙스,1
2003,우태운,모모랜드,1
2004,안성준,샤크라,1
2005,원일,컬러링 베이비 7공주,1
2006,유유진,버즈,1
2007,우태운,맵식스,1
2008,안성일,젝스키스,1
2009,유유진,베이비 복스 리브,1
2010,유유진,엔알지,1
2011,우태운,걸스데이,1
2012,안정훈,핑클,1
2013,우희 (달샤벳),달샤벳,1
2014,웅재,임팩트,1
2015,안영민,더블에스오공일,1
2016,안영민,러블리즈,1
2017,유영진,소녀시대,1
2018,원상우,라붐,1
2019,안영민,레이디스 코드,1
2020,원상우,파란,1
2021,원영헌,신화,1
2022,원영헌,업텐션,1
2023,원영헌,우주소녀,1
2024,안정연,투피엠,1
2025,안익수,쥬얼리,1
2026,유영지,동방신기,1
2027,원영헌,제이와이제이,1
2028,유영석,슈퍼주니어,1
2029,용배 (RBW),마마무,1
2030,심재희,쥬얼리,1
2031,신진혜,동방신기,1
2032,옥상달빛,빅스,1
2033,윤혜주,에스에프나인,1
2034,어벤전승,마틸다,1
2035,어벤전승,업텐션,1
2036,신화,신화,1
2037,윤호,몬스타엑스,1
2038,윤호기,크레용팝,1
2039,윤효상,소녀시대,1
2040,올빼미,에이젝스,1
2041,윤효상,에스이에스,1
2042,어벤전승,우주소녀,1
2043,오호라,인투잇,1
2044,오현주,갓세븐,1
2045,윤희성,제국의 아이들,1
2046,신혜선,에프엑스,1
2047,윤혜주,비투비,1
2048,와사비사운드,투엑스,1
2049,용배 (RBW),구구단,1
2050,심선,이블,1
2051,윤종신,투에이엠,1
2052,윤철종,오렌지캬라멜,1
2053,웨이 (크레용팝),크레용팝,1
2054,윤태영,블락비 바스타즈,1
2055,윤현성,컬러링 베이비 7공주,1
2056,외국곡,와이투케이,1
2057,외국곡,문차일드,1
2058,윤혜주,마마무,1
2059,심규선 (Lucia),러블리즈,1
2060,윤현성,티맥스,1
2061,외국곡,룰라,1
2062,윤혜주,디헤븐,1
2063,어벤전승,달샤벳,1
2064,와우,에이스,1
2065,오태호,터보,1
2066,윤희성,파란,1
2067,융희,모모랜드,1
2068,은종태,티티마,1
2069,에릭 (THE BOYZ),더보이즈,1
2070,신쿵,다이아,1
2071,은종태,슈퍼주니어,1
2072,은종태,크레용팝,1
2073,에바,걸스데이,1
2074,오징징,스피드,1
2075,은지원,알이에프,1
2076,융희,비에이피,1
2077,은지원,젝스키스,1
2078,신진혜,에프엑스,1
2079,신진혜,신화,1
2080,은진,루비,1
2081,에스킴,엠블랙,1
2082,오지훈,에프티 아일랜드,1
2083,신쿵,워너원,1
2084,은종태,더블에스오공일,1
2085,이단옆차기,여자친구,1
2086,오징징,티아라,1
2087,은유사김진용,브라운 아이드 걸스,1
2088,신쿵,유니티,1
2089,에릭,에스이에스,1
2090,은별,러브,1
2091,신쿵,펜타곤,1
2092,오창훈,오렌지캬라멜,1
2093,오창훈,크레용팝,1
2094,에릭,스텔라,1
2095,신혁,백퍼센트,1
2096,오태호,에프티 아일랜드,1
2097,어쿠스틱 베이 (Accoustic Vei),써스포,1
2098,신혁,피에스타,1
2099,어벤전승,카라,1
2100,심스 ($IM$),달샤벳,1
2101,외국곡,컬러링 베이비 7공주,1
2102,어벤전승,나인뮤지스 A,1
2103,윤사라,디베이스,1
2104,용감한 형제,제아 파이브,1
2105,심재건,제이워크,1
2106,양재선,쿨,1
2107,양재선,포미닛,1
2108,양재선,핑클,1
2109,윤비 (YunB),러버소울,1
2110,양준영,쥬얼리,1
2111,윤석준,더블에스오공일,1
2112,심은지,플라이 투 더 스카이,1
2113,양준영,클릭비,1
2114,심은지,트와이스,1
2115,용감한 형제,애프터스쿨 레드,1
2116,윤사라,클릭비,1
2117,윤사라,플라이 투 더 스카이,1
2118,심재원,엑소,1
2119,양재선,쥬얼리,1
2120,용감한 형제,초신성,1
2121,용감한 형제,터치,1
2122,윤보미 (에이핑크),에이핑크,1
2123,양재선,블랙 비트,1
2124,심재훈,블락비,1
2125,윤대장,와썹,1
2126,윤닭 (오브로젝트),크로스진,1
2127,용감한 형제,파이브돌스,1
2128,심재희,빅뱅,1
2129,윤계상,god,1
2130,양재선,베이비복스,1
2131,양재선,god,1
2132,양요섭,하이라이트,1
2133,윤경,코코소리,1
2134,윤경,신화,1
2135,윤석,모모랜드,1
2136,윤성희,빅스,1
2137,어벤전승,나인뮤지스,1
2138,윤정,트랙스,1
2139,윤영주,브라운 아이드 걸스,1
2140,용감한 형제,배틀,1
2141,심은지,에이핑크,1
2142,윤은혜,베이비 복스 리브,1
2143,윤일상,써니힐,1
2144,어벤전승,굿데이,1
2145,윤종성,러블리즈,1
2146,심은지,투에이엠,1
2147,심은지,골든차일드,1
2148,심영민,스누퍼,1
2149,윤종신,레드벨벳,1
2150,용감한 형제,달샤벳,1
2151,용감한 형제,나인뮤지스,1
2152,윤종신,세븐틴,1
2153,윤영민,엠블랙,1
2154,윤영민,에이프릴,1
2155,용감한 형제,베스티,1
2156,어깨깡패,베리굿,1
2157,심은지,우주소녀,1
2158,어깨깡패,레인보우,1
2159,용감한 형제,비투비,1
2160,양환,에스아이에스,1
2161,윤여훈,걸스데이,1
2162,용감한 형제,스텔라,1
2163,용감한 형제,스피드,1
2164,윤승환,쥬얼리,1
2165,용감한 형제,스피카.S,1
2166,윤성희 (Sunghee Yoon),알이에프,1
2167,윤성희 (Sunghee Yoon),솔리드,1
2168,윤성희,터보,1
2169,심은지,카라,1
2170,윤치웅,워너비,1
2171,임광욱,제아 파이브,1
2172,이단옆차기,유니티,1
2173,최영미,에이오에이,1
2174,최갑원,파란,1
2175,최갑원,파이브,1
2176,최강창민 (MAX),샤이니,1
2177,최강창민 (MAX),슈퍼주니어,1
2178,최규성,god,1
2179,최규성,다소니,1
2180,최규성,비투비,1
2181,최규성,빅스,1
2182,최규성,시크릿,1
2183,최규성,에이핑크,1
2184,최규성,쥬얼리,1
2185,최규성,티티마,1
2186,최린,베스티,1
2187,최명희,소녀시대,1
2188,최민환 (FT아일랜드),에프티 아일랜드,1
2189,최병찬 (VICTON),빅톤,1
2190,최석영,에스이에스,1
2191,최소영,레드벨벳,1
2192,최소영,소녀시대,1
2193,최소영,소녀시대-태티서,1
2194,최수인,하이포,1
2195,최수정,레드벨벳,1
2196,최수정,베이비 복스 리브,1
2197,최수정,알,1
2198,최수정,핑클,1
2199,최아름,소녀시대,1
2200,최연제,걸스데이,1
2201,최갑원,원타임,1
2202,최갑원,엔플라잉,1
2203,최갑원,에프티 아일랜드,1
2204,창조,비원에이포,1
2205,짱가,카라,1
2206,차상민,더블에스오공일,1
2207,차상민,제국의 아이들,1
2208,차상민,카라,1
2209,차세정,투에이엠,1
2210,차은택,더블에스오공일,1
2211,차일훈,데이식스,1
2212,차쿤 (일렉트로보이즈),스피카.S,1
2213,차쿤 (일렉트로보이즈),씨스타19,1
2214,차쿤 (일렉트로보이즈),제아 파이브,1
2215,차쿤 (일렉트로보이즈),티아라,1
2216,찬,유앤비,1
2217,채리나,룰라,1
2218,최갑원,아이즈,1
2219,채은정,클레오,1
2220,채정은,서태지와 아이들,1
2221,채지오,문차일드,1
2222,천재노창,몬스타엑스,1
2223,천정아,클릭비,1
2224,천정아,핑클,1
2225,청담동박건우,갓세븐,1
2226,초콜릿 노트,레인즈,1
2227,초콜릿 노트,브이에이브이,1
2228,최갑원,미스터미스터,1
2229,최갑원,베이비복스,1
2230,최갑원,비원에이포,1
2231,최영락,파이브,1
2232,최영신,애프터 스쿨,1
2233,진짜사나이,오션,1
2234,최영환,원더걸스,1
2235,최희진,엔알지,1
2236,추대관 (MonoTree),나인뮤지스,1
2237,추대관 (MonoTree),스피카,1
2238,추대관 (MonoTree),온앤오프,1
2239,추대관 (MonoTree),카라,1
2240,칵스 (THE KOXX),포미닛,1
2241,커즈디,달샤벳,1
2242,케빈오빠,코코소리,1
2243,케빈오빠,트와이스,1
2244,케이던스,베리굿,1
2245,코끼리 왕국,유키스,1
2246,코끼리왕국,제국의 아이들,1
2247,코난,베이비복스,1
2248,코난,인피니트,1
2249,코난,티아라,1
2250,코랑이,제이비제이,1
2251,코스믹 걸 (Cosmic Girl),크로스진,1
2252,코스믹 사운드,걸스데이,1
2253,코스믹 사운드,업텐션,1
2254,코스믹 사운드,크로스진,1
2255,코키 (Koki),이엑스피에디션,1
2256,콰지모도,이블,1
2257,큐베이스 J,슈퍼주니어,1
2258,크록 (CROQ),골든차일드,1
2259,크루셜스타 (Crucial Star),갓세븐,1
2260,크루셜스타 (Crucial Star),몬스타엑스,1
2261,키겐,god,1
2262,최희준,빅뱅,1
2263,최희재,에스에프나인,1
2264,최휘경,솔리드,1
2265,최준영,쿨,1
2266,최용찬,비투비,1
2267,최원석,에이시아,1
2268,최원선,알이에프,1
2269,최은하,러브,1
2270,최은하,브라운 아이드 걸스,1
2271,최은하,알이에프,1
2272,최은하,쿨,1
2273,최인선,다이아,1
2274,최자,인피니트 에이치,1
2275,최재우,멜로디데이,1
2276,최재우,몬스타엑스,1
2277,최준영,제이제이씨씨,1
2278,최지혜,레드벨벳,1
2279,최현준 (V.O.S),플라이 투 더 스카이,1
2280,최지혜,멜로디데이,1
2281,최지혜,몬스타엑스,1
2282,최진선,엑소,1
2283,최철기,에스이에스,1
2284,최하나,빅스,1
2285,최한솔,허니스트,1
2286,최현준 (V.O.S),빅톤,1
2287,최현준 (V.O.S),소나무,1
2288,최현준 (V.O.S),아스트로,1
2289,최현준 (V.O.S),엠블랙,1
2290,최현준 (V.O.S),제국의 아이들,1
2291,최현준 (V.O.S),트와이스,1
2292,진혜,갓세븐,1
2293,진영,오마이걸,1
2294,키겐,뉴이스트 W,1
2295,주영훈,카라,1
2296,조윤경,빅스,1
2297,조윤경,소녀시대-태티서,1
2298,조윤경,첸백시,1
2299,조윤경,투하트,1
2300,조윤경,프리스틴 V,1
2301,조은희,베리굿,1
2302,조은희,브라운 아이드 걸스,1
2303,조은희,소녀시대,1
2304,조은희,알이에프,1
2305,조은희,오션,1
2306,조은희,젝스키스,1
2307,조은희,쥬얼리,1
2308,조은희,파이브,1
2309,조자영,뉴이스트,1
2310,조자영,마이틴,1
2311,조정흠,유키스,1
2312,조진호,카드,1
2313,종업 (B.A.P),비에이피,1
2314,종현 (JONGHYUN),엑소,1
2315,죠지,몬스타엑스,1
2316,주민,보이 클럽,1
2317,주비,써니힐,1
2318,주석,티아라,1
2319,주승훈,타히티,1
2320,주영,몬스타엑스,1
2321,주영훈,비원에이포,1
2322,주영훈,아스트로,1
2323,조윤경,구구단,1
2324,조유리 (Jam Factory),슈퍼 주니어-디앤이,1
2325,조영수,헬로비너스,1
2326,조미쉘,걸스데이,1
2327,제이피에스,신화,1
2328,제임스피오폰트,풍뎅이,1
2329,조pd (ZoPD),블락비,1
2330,조광호,동방신기,1
2331,조광호,와이투케이,1
2332,조규만,쥬얼리,1
2333,조규만,핑클,1
2334,조규찬,플라이 투 더 스카이,1
2335,조규천 (조트리오),투에이엠,1
2336,조남준,에스이에스,1
2337,조동희,에스이에스,1
2338,조미선,터보,1
2339,조미쉘,레인즈,1
2340,조영수,헤일로,1
2341,조미쉘,브이에이브이,1
2342,조미쉘,엔플라잉,1
2343,조미양,레드벨벳,1
2344,조미양,비에이피,1
2345,조미양,샤이니,1
2346,조병석,에스이에스,1
2347,조사라,슈퍼주니어,1
2348,조성민,비스트,1
2349,조성천,비투비,1
2350,조영수,남녀공학,1
2351,조영수,더블에스오공일,1
2352,조영수,초신성,1
2353,주영훈,잉크,1
2354,주완 (ZUWAN),뉴이스트,1
2355,진영,옆집소녀,1
2356,주완 (ZUWAN),스피카,1
2357,지우,더 블루,1
2358,지유리,티알씨엔지,1
2359,지율,달샤벳,1
2360,지인,이엑스아이디,1
2361,지코 (ZICO),에프엑스,1
2362,지평권,에스에프나인,1
2363,지후 (아이즈),아이즈,1
2364,지훈,레이디스 코드,1
2365,지훈,마마무,1
2366,지훈,아이오아이,1
2367,지훈,오렌지캬라멜,1
2368,지훈,이엑스아이디,1
2369,지훈,첸백시,1
2370,지훈,티아라,1
2371,진,미스터미스터,1
2372,진리,터보,1
2373,진리,트와이스,1
2374,진리 (Full8loom),러블리즈,1
2375,진리 (Full8loom),슈퍼주니어,1
2376,진리 (Full8loom),에이핑크,1
2377,진리 (Full8loom),인피니트,1
2378,진리 (Full8loom),티아라,1
2379,진바이진,에스에프나인,1
2380,진바이진,트와이스,1
2381,진보,레드벨벳,1
2382,진보,샤이니,1
2383,진보,에프엑스,1
2384,지우,구구단 오구오구,1
2385,지용이와 범주,뉴이스트,1
2386,지완이,쿨,1
2387,준,에이스,1
2388,주완 (ZUWAN),씨리얼,1
2389,주완 (ZUWAN),피에스타,1
2390,주은,다이아,1
2391,주찬양 (티맥스),빅스,1
2392,주찬양 (티맥스),투피엠,1
2393,주찬양 (티맥스),하이라이트,1
2394,주태영,구피,1
2395,주태영,클릭비,1
2396,주헌 (몬스타엑스),보이프렌드,1
2397,주호,풍뎅이,1
2398,주효,미쓰에이,1
2399,주효,빅톤,1
2400,준 (June),멜로디데이,1
2401,지예원 (Joombas),이엑스아이디,1
2402,준호,원더걸스,1
2403,쥬디,브라운 아이드 걸스,1
2404,쥬얼리,쥬얼리,1
2405,지국현,에스이에스,1
2406,지국현,파이브,1
2407,지근식,에프티 아일랜드,1
2408,지나,비투비,1
2409,지누,터보,1
2410,지니,씨유,1
2411,지성희,와이투케이,1
2412,지수,신화,1
2413,지예원 (Joombas),에이스,1
2414,키겐,뉴이스트,1
2415,키겐,몬스타엑스,1
2416,이단옆차기,유키스,1
2417,황금두현,걸스데이,1
2418,현진,미스터미스터,1
2419,현진,스트레이 키즈,1
2420,혜린 (EXID),이엑스아이디,1
2421,혜림 (원더걸스),트와이스,1
2422,홍고운,에이시아,1
2423,홍규,비에이,1
2424,홍성민,에이치오티,1
2425,홍수정,크로스진,1
2426,홍수지 (153Joombas),슈퍼 주니어-디앤이,1
2427,홍승성,씨엘씨,1
2428,홍승성,펜타곤,1
2429,홍승현 (makeumineworks),비에이피,1
2430,홍재선,룰라,1
2431,홍재선,슈퍼주니어,1
2432,홍재선,에프티 아일랜드,1
2433,홍재선,클레오,1
2434,홍지상,갓세븐,1
2435,홍지상,레이디스 코드,1
2436,홍지유,나인뮤지스,1
2437,홍지유,레드벨벳,1
2438,홍지유,바이칼,1
2439,홍지유,슈퍼주니어,1
2440,홍지유,엑소,1
2441,홍지유,워너비,1
2442,홍지유,천상지희 더 그레이스,1
2443,홍지유,티티마,1
2444,홍현걸,터보,1
2445,현지원,첸백시,1
2446,현지원,유앤비,1
2447,현지원,워너원,1
2448,허성진,씨스타,1
2449,함승천,빅뱅,1
2450,함승천,위너,1
2451,함승효,나인뮤지스,1
2452,함승효,쥬얼리,1
2453,핫띠,씨스타,1
2454,핫샷 (HOTSHOT),핫샷,1
2455,핫펠트 (예은),트와이스,1
2456,해리안,빅톤,1
2457,해온,멜로디데이,1
2458,허니듀오,플라이 투 더 스카이,1
2459,허성진,비원에이포,1
2460,허성진,스카프,1
2461,허성진,투에이엠,1
2462,현지원,멜로디데이,1
2463,허유진,디헤븐,1
2464,허인창,에이포,1
2465,허인창,유키스,1
2466,헬로굿보이,소년공화국,1
2467,현선희,오션,1
2468,현아,(여자)아이들,1
2469,현아,포미닛,1
2470,현영 (레인보우),레인보우,1
2471,현우,다이아,1
2472,현욱,인투잇,1
2473,현준,아이즈,1
2474,현지원,레드벨벳,1
2475,화영,씨스타,1
2476,황금두현,제아 파이브,1
2477,함경문,와이투케이,1
2478,황금두현,카라,1
2479,황현,소녀시대,1
2480,황현 (MonoTree),샤이니,1
2481,황현 (MonoTree),슈퍼주니어,1
2482,황현 (MonoTree),에프엑스,1
2483,황현 (MonoTree),이달의 소녀 1/3,1
2484,황현 (MonoTree),인피니트,1
2485,황현 (MonoTree),카라,1
2486,황현 (MonoTree),프리스틴,1
2487,황현숙,알,1
2488,회장님,제이와이제이,1
2489,후니훈,베이비 복스 리브,1
2490,후이 (펜타곤),신화,1
2491,후이 (펜타곤),워너원,1
2492,휘성 (Realslow),동방신기,1
2493,휘성 (Realslow),마마무,1
2494,휘성 (Realslow),비투비,1
2495,휘성 (Realslow),슈퍼주니어,1
2496,휘성 (Realslow),씨리얼,1
2497,휘성 (Realslow),엠블랙,1
2498,휘성 (Realslow),투에이엠,1
2499,휘성 (Realslow),트랙스,1
2500,휘성 (Realslow),트와이스,1
2501,휘성 (Realslow),티아라,1
2502,흑태,로미오,1
2503,흑태,미쓰에이,1
2504,흑태,엘리스,1
2505,희철 (HEECHUL),오렌지캬라멜,1
2506,황현,레이디스 코드,1
2507,황현,레드벨벳,1
2508,황찬희,쿨,1
2509,황성진,비에이,1
2510,황금두현,터보,1
2511,황금두현,투에이엠,1
2512,황금빛,하이포,1
2513,황보,샤크라,1
2514,황석주,임팩트,1
2515,황성욱,파란,1
2516,황성제,동방신기,1
2517,황성제,배틀,1
2518,황성제,블랙 비트,1
2519,황성제,카라,1
2520,황성제,티맥스,1
2521,황성진,마마무,1
2522,황성진,시크릿,1
2523,황찬희,소녀시대,1
2524,황성진,애프터 스쿨,1
2525,황성진,업텐션,1
2526,황성진,크레용팝,1
2527,황성진,크로스진,1
2528,황유빈,업텐션,1
2529,황유빈,엑소,1
2530,황은빛,레인즈,1
2531,황종하,달샤벳,1
2532,황종하,파이브,1
2533,황지원,엔소닉,1
2534,황지원 (Jam Factory),라붐,1
2535,황지원 (Jam Factory),빅스,1
2536,함길수,비비드,1
2537,함경문,브라운 아이드 걸스,1
2538,키겐,베스티,1
2539,하광훈,플라이 투 더 스카이,1
2540,투챔프,브레이브걸스,1
2541,트웰브,비에이피,1
2542,티나,블레이디,1
2543,팀콜럼버스,비원에이포,1
2544,파이어뱃(RBW),애플비,1
2545,팔로알토(Paloalto),원더걸스,1
2546,팔로알토(Paloalto),인피니트 에이치,1
2547,팻뮤직,버즈,1
2548,페노메코 (PENOMECO),갓세븐,1
2549,페노메코 (PENOMECO),블락비,1
2550,페리,원타임,1
2551,프니엘,(여자)아이들,1
2552,프로미스나인,프로미스나인,1
2553,프리미엄 프로젝트,업텐션,1
2554,프리미엄 프로젝트,하이포,1
2555,프리미엄프로젝트1,뉴이스트,1
2556,플래티넘 보이즈,디헤븐,1
2557,피경진,업텐션,1
2558,피터팬,마이네임,1
2559,피터팬,몬스타엑스,1
2560,피터팬,베스티,1
2561,피터팬,빅스,1
2562,피터팬,써스포,1
2563,피터팬,타히티,1
2564,피터팬,틴트,1
2565,필독 (BIGSTAR),빅스타,1
2566,필승불패,디헤븐,1
2567,투챔프,로미오,1
2568,톰과 제리,버즈,1
2569,텐조와 타스코,비투비,1
2570,타이비언,키스&크라이,1
2571,키겐,블락비,1
2572,키겐,세븐틴,1
2573,키겐,신화,1
2574,키겐,워너원,1
2575,키겐,제이비제이,1
2576,키겐,크로스진,1
2577,키겐,트와이스,1
2578,키비,뉴이스트 W,1
2579,키비,워너원,1
2580,키비,트와이스,1
2581,키비,히스토리,1
2582,타스코,워너원,1
2583,타이비언,트러블 메이커,1
2584,텐조와 타스코,걸스데이,1
2585,타이비언 1,에스에프나인,1
2586,탁 (TAK),워너원,1
2587,태무,비트윈,1
2588,태완 (Taewan),몬스타엑스,1
2589,태완 (Taewan),블레이디,1
2590,태완 (Taewan),제이와이제이,1
2591,태완 (Taewan),쿨,1
2592,태훈,블랙 비트,1
2593,태훈,트랙스,1
2594,태훈,티맥스,1
2595,태훈,플라이 투 더 스카이,1
2596,텐조,뉴이스트 W,1
2597,필승불패,써스포,1
2598,하나,임팩트,1
2599,한희준,비투비,1
2600,하드캐리,오마이걸,1
2601,한상원,미스터미스터,1
2602,한상원,슈퍼주니어,1
2603,한상원,알이에프,1
2604,한상원,쥬얼리,1
2605,한상원,티아라,1
2606,한상원,포미닛,1
2607,한상원,플라이 투 더 스카이,1
2608,한서윤,스피드,1
2609,한서윤,포미닛,1
2610,한성호,멜로디데이,1
2611,한성호,초신성,1
2612,한승연,카라,1
2613,한영미,BP 라니아,1
2614,한재호,에이스타일,1
2615,한재호,클릭비,1
2616,한준,이엑스아이디,1
2617,한준,제국의 아이들,1
2618,한준,터치,1
2619,한준,헤일로,1
2620,한지선,파란,1
2621,한지은,노이즈,1
2622,한진우,악동 클럽 (디 에이디),1
2623,한창훈,와이투케이,1
2624,한해,god,1
2625,한해,크로스진,1
2626,한현경,신화,1
2627,한현정,클레오,1
2628,한상원,레인보우,1
2629,한상원,더블에스 삼공일,1
2630,한상원,걸스데이,1
2631,하해룡,알이에프,1
2632,하라는,레인보우,1
2633,하라는,에이프릴,1
2634,하랑,샤이니,1
2635,하서,리얼걸프로젝트,1
2636,하정헌,샤이니,1
2637,하정호,슈퍼주니어,1
2638,하정호,인피니트,1
2639,하정호,투에이엠,1
2640,하정호,투피엠,1
2641,하정호,투하트,1
2642,하정호,플라이 투 더 스카이,1
2643,하주호,비에이피,1
2644,한,유키스,1
2645,한명준,유키스,1
2646,한경수,구구단,1
2647,한경수,비에이피,1
2648,한경수,빅스,1
2649,한경수,트와이스,1
2650,한경해,러브,1
2651,한경혜,마마무,1
2652,한경혜,클릭비,1
2653,한경혜,티앤비,1
2654,한경혜,파이브,1
2655,한관희,포미닛,1
2656,한명준,매드타운,1
2657,한명준,와썹,1
2658,제이켠,스피드,1
2659,제이켠,비아이지,1
2660,제이미,에이핑크,1
2661,이주호,룰라,1
2662,이정표,엘리스,1
2663,이정현,동방신기,1
2664,이정현,아이콘,1
2665,이정현,오마이걸,1
2666,이정환,쥬얼리,1
2667,이제이,에스지,1
2668,이제이 쇼,제국의 아이들,1
2669,이제이 쇼,카라,1
2670,이종성,컬러링 베이비 7공주,1
2671,이종수,타히티,1
2672,이종택,제이제이씨씨,1
2673,이종훈,하이포,1
2674,이주형,비스트,1
2675,이주형 (MonoTree),나인뮤지스,1
2676,이주형 (MonoTree),동방신기,1
2677,이주형 (MonoTree),레이디스 코드,1
2678,이주형 (MonoTree),로미오,1
2679,이주형 (MonoTree),보이프렌드,1
2680,이주형 (MonoTree),비스트,1
2681,이주형 (MonoTree),소녀시대,1
2682,이주형 (MonoTree),스텔라,1
2683,이주형 (MonoTree),에이핑크,1
2684,이주형 (MonoTree),엑소,1
2685,이주형 (MonoTree),엘리스,1
2686,이주형 (MonoTree),온앤오프,1
2687,이주형 (MonoTree),인피니트,1
2688,이주형 (MonoTree),클릭비,1
2689,이정표,러블리즈,1
2690,이정은,알이에프,1
2691,이정은,솔리드,1
2692,이은진,에프엑스,1
2693,이유진,빅스,1
2694,이유진,슈퍼 주니어-디앤이,1
2695,이유진,헬로비너스,1
2696,이윤경,쥬얼리,1
2697,이윤성,샤크라,1
2698,이윤재,러블리즈,1
2699,이윤재,샤이니,1
2700,이윤재,플라이 투 더 스카이,1
2701,이윤정,레드벨벳,1
2702,이은지,디헤븐,1
2703,이은지,마마무,1
2704,이은진,대국남아,1
2705,이은진,티아라,1
2706,이정원,달샤벳,1
2707,이인욱,쿨,1
2708,이재경,룰라,1
2709,이재경,쥬얼리,1
2710,이재경,클릭비,1
2711,이재니,인투잇,1
2712,이재명,샤이니,1
2713,이재명,슈퍼주니어,1
2714,이재영,테이크,1
2715,이재진,젝스키스,1
2716,이재학,위키미키,1
2717,이재혁,쥬얼리,1
2718,이정민,오션,1
2719,이주형 (MonoTree),트와이스,1
2720,이주호,엔소닉,1
2721,이원희,에이핑크,1
2722,이지린,러블리즈,1
2723,이채영,프로미스나인,1
2724,이채윤,라붐,1
2725,이채윤,슈퍼주니어,1
2726,이채윤,엑소,1
2727,이태건,라붐,1
2728,이태건,브라운 아이드 걸스,1
2729,이태경,오션,1
2730,이택승,제이워크,1
2731,이택승,클릭비,1
2732,이트라이브,미쓰에이,1
2733,이트라이브,우주소녀,1
2734,이트라이브,쥬얼리,1
2735,이트라이브,카라,1
2736,이트라이브,티아라,1
2737,이하늘,디베이스,1
2738,이하늘,터보,1
2739,이하진,달샤벳,1
2740,이하진,비아이지,1
2741,이하진,소나무,1
2742,이하진,에이프릴,1
2743,이하진,유니티,1
2744,이해용,베스티,1
2745,이현규,레드벨벳,1
2746,이현규,엑소,1
2747,이현규,클릭비,1
2748,이현규,티티마,1
2749,이현도,몬스타엑스,1
2750,이창희,씨리얼,1
2751,이창희,소녀시대,1
2752,이창현,크로스진,1
2753,이지은,타히티,1
2754,이지민,베리굿,1
2755,이지원,몬스타엑스,1
2756,이지원,써니데이즈,1
2757,이지원,우주소녀,1
2758,이지은,샤이니,1
2759,이지은,씨스타,1
2760,이지은,애프터 스쿨,1
2761,이지은,에스에프나인,1
2762,이지은,에이오에이,1
2763,이지은,에프엑스,1
2764,이지은,제국의 아이들,1
2765,이지은,쥬얼리,1
2766,이지현,쥬얼리,1
2767,이창현,비스트,1
2768,이지혜,동방신기,1
2769,이지혜,엑소,1
2770,이진실,업텐션,1
2771,이진실,투포케이,1
2772,이찬미,레인보우,1
2773,이찬미,소녀시대,1
2774,이찬미,에이핑크,1
2775,이찬미,카라,1
2776,이찬우,동방신기,1
2777,이창근,뉴이스트,1
2778,이창근,비투비,1
2779,이창우,쿨,1
2780,이유정,세븐틴,1
2781,이원숙,컬러링 베이비 7공주,1
2782,제이미,멜로디데이,1
2783,이상훈,비비드,1
2784,이보라,엔소닉,1
2785,이봄,오션,1
2786,이봄,쿨,1
2787,이블,이블,1
2788,이비 (Pi Lee),아이돌,1
2789,이상 (임팩트),임팩트,1
2790,이상렬,포미닛,1
2791,이상민,악동 클럽 (디 에이디),1
2792,이상민,터보,1
2793,이상백,걸스데이,1
2794,이상백,브라운 아이드 걸스,1
2795,이상열,레인보우,1
2796,이상원,잉크,1
2797,이상은,슈퍼주니어,1
2798,이상은,클릭비,1
2799,이상인,신화,1
2800,이상인,크로스진,1
2801,이상준,멜로디데이,1
2802,이상준,버즈,1
2803,이상준,엔알지,1
2804,이상철,씨엘씨,1
2805,이상호,아이즈,1
2806,이상호,알,1
2807,이상호,에스에프나인,1
2808,이상호,에프티 아일랜드,1
2809,이상호,쿨,1
2810,이상호,티티마,1
2811,이병준,더블에스오공일,1
2812,이병우,투하트,1
2813,이민혁,제국의 아이들,1
2814,이동은,에스에프나인,1
2815,이단옆차기,제이비제이,1
2816,이단옆차기,쥬얼리,1
2817,이단옆차기,투엑스,1
2818,이단옆차기,투피엠,1
2819,이던,(여자)아이들,1
2820,이도연,소녀시대,1
2821,이도연,신화,1
2822,이도연,알이에프,1
2823,이도연,오마이걸,1
2824,이동우,더보이즈,1
2825,이동은,더블에스 삼공일,1
2826,이동은,레인보우 블랙,1
2827,이동은,엔플라잉,1
2828,이민혁,리얼걸프로젝트,1
2829,이동현,비투비,1
2830,이동현,에스이에스,1
2831,이만성,갓세븐,1
2832,이맑은슬,에스에프나인,1
2833,이뮤즈,라붐,1
2834,이뮤즈,레인즈,1
2835,이뮤즈,유앤비,1
2836,이미소,인투잇,1
2837,이미소,트와이스,1
2838,이미소,티알씨엔지,1
2839,이민수,써니힐,1
2840,이민혁,(여자)아이들,1
2841,이상호,포미닛,1
2842,이새롬,프로미스나인,1
2843,이원기,에프티 아일랜드,1
2844,이성수,샤이니,1
2845,이승호,에프티 아일랜드,1
2846,이승호,원타임,1
2847,이승환,슈퍼주니어,1
2848,이승훈,젝스키스,1
2849,이신성,소녀시대,1
2850,이신성,여자친구,1
2851,이신성,트와이스,1
2852,이양반,빅톤,1
2853,이연,다이아,1
2854,이영주,와이투케이,1
2855,이영준,미스터미스터,1
2856,이영훈,빅뱅,1
2857,이영훈,신화,1
2858,이영훈,위키미키,1
2859,이예라,오렌지캬라멜,1
2860,이용민,구피,1
2861,이용민,오마이걸,1
2862,이용민,핫젝갓알지,1
2863,이용청,크레용팝,1
2864,이우민 `collapsedone`,JJ 프로젝트,1
2865,이우민 `collapsedone`,미쓰에이,1
2866,이우민 `collapsedone`,베스티,1
2867,이우민 `collapsedone`,에이핑크,1
2868,이우민 `collapsedone`,트와이스,1
2869,이우천,에스이에스,1
2870,이웃집총각,타히티,1
2871,이원근,씨스타,1
2872,이승호,알,1
2873,이승호,아이돌,1
2874,이승호,씨엔블루,1
2875,이슬기,에이오에이,1
2876,이세호,달샤벳,1
2877,이소민,블랙 비트,1
2878,이소은,에스이에스,1
2879,이솔비,동방신기,1
2880,이수만,에스이에스,1
2881,이수정(Jam Factory),동방신기,1
2882,이순정,샤크라,1
2883,이스란,라붐,1
2884,이스란,빅스,1
2885,이스란,소녀시대,1
2886,이스란,에스이에스,1
2887,이스란,에이오에이,1
2888,이승광,구피,1
2889,이승호,구구단,1
2890,이승민,더블에스오공일,1
2891,이승민,딸기우유,1
2892,이승민,쥬얼리,1
2893,이승민,카라,1
2894,이승민,티맥스,1
2895,이승민,포미닛,1
2896,이승아,써니힐,1
2897,이승우,비투비,1
2898,이승재,에스에프나인,1
2899,이승주,플라이 투 더 스카이,1
2900,이승철,소녀시대,1
2901,이승현,테이크,1
2902,이현도,빅스,1
2903,이현도,신화,1
2904,이현도,제국의 아이들,1
2905,정은길,비아이지,1
2906,정성민,구피,1
2907,정성민,마이틴,1
2908,정성민,솔리드,1
2909,정성윤,베리굿,1
2910,정성윤,쥬얼리,1
2911,정성헌,써니힐,1
2912,정세희,룰라,1
2913,정세희,신화,1
2914,정수경,멜로디데이,1
2915,정수민,위키미키,1
2916,정수빈 (VICTON),빅톤,1
2917,정아 (애프터스쿨),애프터 스쿨,1
2918,정연승,뉴이스트,1
2919,정연준 (업타운),베이비 복스 리브,1
2920,정연준 (업타운),핑클,1
2921,정연훈,디헤븐,1
2922,정엽,샤이니,1
2923,정엽,플라이 투 더 스카이,1
2924,정영,레이디스 코드,1
2925,정영은,나인뮤지스,1
2926,정영혜,신화,1
2927,정원관,잉크,1
2928,정유진,헬로비너스,1
2929,정윤,걸스데이,1
2930,정윤,몬스타엑스,1
2931,정윤,우주소녀,1
2932,정윤화,오렌지캬라멜,1
2933,정석원,쿨,1
2934,정석원,유키스,1
2935,정병기,쥬얼리,1
2936,전혜원,쥬얼리,1
2937,전영록,제이워크,1
2938,전정훈,이블,1
2939,전준규,쿨,1
2940,전준용,히스토리,1
2941,전지우,카드,1
2942,전지윤 (JENYER),투윤,1
2943,전창엽,카라,1
2944,전해성,걸스데이,1
2945,전해성,멜로디데이,1
2946,전해성,비스트,1
2947,전해성,트랙스,1
2948,전혜미,파란,1
2949,전혜원,포미닛,1
2950,정병기,제국의 아이들,1
2951,전호진,빅뱅,1
2952,전홍준,알,1
2953,정결,로미오,1
2954,정균,빅플로,1
2955,정기고,몬스타엑스,1
2956,정기석,태사자,1
2957,정려원,샤크라,1
2958,정모 (JUNGMO),트랙스,1
2959,정미라,카라,1
2960,정민우,쥬얼리,1
2961,정민지,인피니트,1
2962,정병기,대국남아,1
2963,정윤화,크로스진,1
2964,정은이,에프티 아일랜드,1
2965,이현상,비에이피,1
2966,정일리,빅스,1
2967,정창욱,임팩트,1
2968,정창욱,쥬얼리,1
2969,정채연,빈챈현스S,1
2970,정하리,인투잇,1
2971,정한종,신화,1
2972,정현우,매드타운,1
2973,정현우,멜로디데이,1
2974,정현우,비아이지,1
2975,정혜경,레드벨벳,1
2976,정혜경,룰라,1
2977,정호현 (e.one),빅톤,1
2978,정호현 (e.one),아스트로,1
2979,정호현 (e.one),제국의 아이들,1
2980,정호현 (e.one),플라이 투 더 스카이,1
2981,정화 (EXID),이엑스아이디,1
2982,정훈,하이포,1
2983,정희철,제국의 아이들,1
2984,제니,루비,1
2985,제시 (Jessi),언니쓰,1
2986,제시 (Jessi),터보,1
2987,제유영,유키스,1
2988,제이,에이포,1
2989,제이 슬로우,마이네임,1
2990,제이 슬로우,백퍼센트,1
2991,제이덥 (JDUB),비투비,1
2992,제이덥 (JDUB),슈퍼주니어,1
2993,제이덥 (JDUB),트러블 메이커,1
2994,정창욱,아이오아이,1
2995,정창욱,나인뮤지스 A,1
2996,정진환,핑클,1
2997,정주희 (Jam Factory),레드벨벳,1
2998,정일훈,(여자)아이들,1
2999,정일훈,달샤벳,1
3000,정일훈,리얼걸프로젝트,1
3001,정일훈,멜로디데이,1
3002,정잔듸 (Jam Factory),동방신기,1
3003,정재연,크로스진,1
3004,정재엽,굿데이,1
3005,정재엽,나인뮤지스,1
3006,정재엽,에이프릴,1
3007,정재엽,제이와이제이,1
3008,정재원,클릭비,1
3009,정주희 (Jam Factory),갓세븐,1
3010,정주희 (Jam Factory),샤이니,1
3011,정진환,티맥스,1
3012,정주희 (Jam Factory),에이오에이,1
3013,정주희 (Jam Factory),첸백시,1
3014,정준호,에스에프나인,1
3015,정지훈,엠블랙,1
3016,정진선,제이워크,1
3017,정진욱,에스에프나인,1
3018,정진운,투에이엠,1
3019,정진환,마이틴,1
3020,정진환,슈가,1
3021,정진환,써클,1
3022,정진환,와이투케이,1
3023,정진환,쥬얼리,1
3024,전영록,뉴이스트 W,1
3025,전승우,에스이에스,1
3026,전승우,신화,1
3027,전승우,슈가,1
3028,신승익,에이젝스,1
3029,임보경,동방신기,1
3030,임보경,샤크라,1
3031,임상혁,에이코어,1
3032,임상혁,투윤,1
3033,임서영,빅스,1
3034,임서현,레드벨벳,1
3035,임세준 (VICTON),빅톤,1
3036,임수철,신비,1
3037,임영,카라,1
3038,임은진,걸스데이,1
3039,임정호,빅톤,1
3040,임정효,소녀시대,1
3041,임정효,슈퍼주니어,1
3042,임정효,업텐션,1
3043,임한별,제이와이제이,1
3044,임현식,비투비-블루,1
3045,임형빈,신화,1
3046,임희선,컬러링 베이비 7공주,1
3047,장경아,쿨,1
3048,장다인,비에이피,1
3049,장대성,구피,1
3050,장대성,와이투케이,1
3051,장대성,클릭비,1
3052,장대현,레인즈,1
3053,장동준,버즈,1
3054,장상욱,카라,1
3055,임광욱,마이네임,1
3056,일렉트로보이즈,빅스타,1
3057,일등 신랑감,미스터미스터,1
3058,이희승,초신성,1
3059,이현우,에스지,1
3060,이현정,비아이지,1
3061,이형민,하이포,1
3062,이혜리,코코소리,1
3063,이혜민,젝스키스,1
3064,이호승,백퍼센트,1
3065,이후상,마마무,1
3066,이후상,아스트로,1
3067,이희락,타이니지,1
3068,이희성,구피,1
3069,이희성,에이포,1
3070,이희성,젝스키스,1
3071,이희승,핑클,1
3072,일당백,미스터미스터,1
3073,이희승,햄,1
3074,이희주,동방신기,1
3075,이희주,레인즈,1
3076,이희주,몬스타엑스,1
3077,이희주,소녀시대,1
3078,이희주,티알씨엔지,1
3079,익스,우주소녀,1
3080,인우,헬로비너스,1
3081,인준 (대국남아),대국남아,1
3082,인피니트,인피니트,1
3083,일 (IL),에프티 아일랜드,1
3084,일 (IL),펜타곤,1
3085,장석우,대국남아,1
3086,장성희,샤크라,1
3087,장여진,멜로디데이,1
3088,전근화,씨엔블루,1
3089,재용,헤일로,1
3090,전간디,레드벨벳,1
3091,전간디,소녀시대,1
3092,전간디,엑소,1
3093,전간디,인피니트,1
3094,전군,씨스타,1
3095,전군,오렌지캬라멜,1
3096,전군,우주소녀,1
3097,전군,이엑스아이디,1
3098,전군,트와이스,1
3099,전군,틴탑,1
3100,전군,하이포,1
3101,전다운,달샤벳,1
3102,재민,미스터미스터,1
3103,전다운,맵식스,1
3104,전다운,버즈,1
3105,전다운,비투비,1
3106,전다운,스피카,1
3107,전다운,인피니트,1
3108,전다운,크로스진,1
3109,전다운,히스토리,1
3110,전민형,투피엠,1
3111,전소민,카드,1
3112,전수정,비투비,1
3113,전승우,god,1
3114,전승우,샤크라,1
3115,재석,크로스진,1
3116,재리포터,씨엘씨,1
3117,장여진,소나무,1
3118,장연정,에이핑크,1
3119,장여진,슈퍼 주니어-디앤이,1
3120,장여진,신화,1
3121,장여진,업텐션,1
3122,장여진,이엑스아이디,1
3123,장여진,첸백시,1
3124,장연정,구구단,1
3125,장연정,동방신기,1
3126,장연정,라붐,1
3127,장연정,러블리즈,1
3128,장연정,소년24,1
3129,장연정,에스에프나인,1
3130,장연정,에이오에이,1
3131,장연정,유키스,1
3132,재리포터,(여자)아이들,1
3133,장연정,플라이 투 더 스카이,1
3134,장예은,(여자)아이들,1
3135,장용진,슈퍼주니어,1
3136,장윤선,제국의 아이들,1
3137,장재민,유키스,1
3138,장정원,에스에프나인,1
3139,장준호,애프터 스쿨,1
3140,장진환,제이워크,1
3141,장혁수,더블에스오공일,1
3142,장현,써니힐,1
3143,장현철,달샤벳,1
3144,장혜원,에이핑크,1
3145,신승익,에이프릴,1
3146,100%서정,레드벨벳,1
3147,신상호,슈퍼주니어,1
3148,Shaun Kim,워너원,1
3149,Sam,달샤벳,1
3150,Sam,이엑스아이디,1
3151,Sam Lewis,갓세븐,1
3152,Sam Lewis,미쓰에이,1
3153,Sam Lewis,에이오에이 크림,1
3154,Sam Lewis,피에스타,1
3155,Sammy K,유키스,1
3156,San E,터보,1
3157,Sarah De Courcy,워너비,1
3158,Say,이블,1
3159,Saylor Shin,플라이 투 더 스카이,1
3160,Sean Alexander,동방신기,1
3161,Sean Kumar,동방신기,1
3162,Seung Jae Lee,동방신기,1
3163,Shaun Kim,유키스,1
3164,Strike,러블리즈,1
3165,Sik-K (식케이),엑소,1
3166,Simon Petren,레인즈,1
3167,Simon Petren,프리스틴,1
3168,Sleepwell,디유닛,1
3169,Sleepwell,미스터미스터,1
3170,Sleepwell,트러블 메이커,1
3171,Soul Twins,god,1
3172,Stereo,백퍼센트,1
3173,Stereo14,골든차일드,1
3174,Steve Wu,업텐션,1
3175,Steven Lee,샤이니,1
3176,Steven Lee,슈퍼주니어,1
3177,Storyteller,슈퍼주니어,1
3178,Storyteller,인피니트,1
3179,Sam,갓세븐,1
3180,Safira.K (사피라 K),이달의 소녀 오드아이써클,1
3181,SWIN LEE,라붐,1
3182,SWEETUNE,인피니트,1
3183,SEION,드림캐쳐,1
3184,SEION,씨엘씨,1
3185,SEION,우주소녀,1
3186,SEION,인피니트,1
3187,SEION,티아라,1
3188,SEVILL,신화,1
3189,SF9,에스에프나인,1
3190,SFRM,엘리스,1
3191,SHARIF & SLATER,슈퍼주니어,1
3192,SHINee (샤이니),샤이니,1
3193,SIMMONS CHARLES B,god,1
3194,SLY BERRY,투에이엠,1
3195,STEVEN BATTEY,아이콘,1
3196,SUMIN (수민),레드벨벳,1
3197,SUMIN (수민),블락비 바스타즈,1
3198,SUN,백퍼센트,1
3199,SUN,틴탑,1
3200,SUPER JUNIOR-D&E (동해&은혁),슈퍼 주니어-디앤이,1
3201,SV (김수빈),디헤븐,1
3202,SWEETCH,러블리즈,1
3203,SWEETCH,베스티,1
3204,SWEETCH,블락비,1
3205,SWEETCH,비투비,1
3206,SWEETCH,씨엘씨,1
3207,SWEETCH,업텐션,1
3208,SWEETCH,이달의 소녀 1/3,1
3209,SWEETCH,투에이엠,1
3210,SWEETUNE,로미오,1
3211,SWEETUNE,위키미키,1
3212,Storyteller,투하트,1
3213,Studio Doma,포미닛,1
3214,S. Bros,하이포,1
3215,Unknown,베이비 복스 리브,1
3216,The Sunday,에이프릴,1
3217,This N That,스트레이 키즈,1
3218,Tiger Gold,미쓰에이,1
3219,Todd Wright,트랙스,1
3220,Tommy Park,갓세븐,1
3221,Tommy Park,마이틴,1
3222,Trinity,몬스타엑스,1
3223,Trinity,소년24,1
3224,Trinity,인피니트,1
3225,Triple A,비투비,1
3226,Tupac Shakur,god,1
3227,Twoface,씨엔블루,1
3228,Typhoon,트랙스,1
3229,U.F.O.,소녀시대,1
3230,Unknown,엔알지,1
3231,Sugar Bear,시크릿,1
3232,Unknown,젝스키스,1
3233,Unknown,클릭비,1
3234,Urban Cllasik,마이네임,1
3235,Ursula Yancy,미쓰에이,1
3236,VINCENZO,(여자)아이들,1
3237,VINCENZO,우주소녀,1
3238,VIP,스누퍼,1
3239,Vinyl House,에프티 아일랜드,1
3240,WATT,헬로비너스,1
3241,WILLIAM BYUN,서태지와 아이들,1
3242,WOOZI (SEVENTEEN),뉴이스트 W,1
3243,WOOZI (SEVENTEEN),아이오아이,1
3244,Wang YaJun,엑소,1
3245,Wiidope,에이핑크,1
3246,The Sunday,에스에프나인,1
3247,The Lighthouse,소녀시대,1
3248,The Lighthouse,샤이니,1
3249,Team One Sound,비에이피,1
3250,Sum People,갓세븐,1
3251,Super Bomb,라붐,1
3252,Super Market,러블리즈,1
3253,SuperRookie,비에이,1
3254,Supreme Boi,방탄소년단,1
3255,Supreme Boi,아이즈,1
3256,Sweety,스위티,1
3257,Sync Project,베리굿,1
3258,TAMA,쥬얼리,1
3259,TAXITA,디헤븐,1
3260,TAXITA,알이에프,1
3261,TEBEY,슈퍼주니어,1
3262,TEXU,백퍼센트,1
3263,TEXU,브라운 아이드 걸스,1
3264,TEXU,써니힐,1
3265,TEXU,애프터 스쿨,1
3266,TIME,워너원,1
3267,TKO,멜로디데이,1
3268,TOMBOY (makeumine works),더보이즈,1
3269,TOMIKITA,티티마,1
3270,TOP,빅뱅,1
3271,TWELVE,시크릿,1
3272,Tablo,BP 라니아,1
3273,Tablo,인피니트,1
3274,Take`M,몬스타엑스,1
3275,Tanya Boozer,비에이피,1
3276,Tarion Taylor-Anderson,이엑스피에디션,1
3277,Team M49,오렌지캬라멜,1
3278,Team One Sound,미쓰에이,1
3279,SEION,골든차일드,1
3280,S. Bros,갓세븐,1
3281,신상근,투포케이,1
3282,NODAY,트와이스,1
3283,Mola,구구단,1
3284,Mola,엑소,1
3285,MonoTree,에이프릴,1
3286,Mordny,남녀공학,1
3287,Mordny,제국의 아이들,1
3288,Mordny,티아라,1
3289,Mr. Cho,JJ 프로젝트,1
3290,N-DRAW,빅톤,1
3291,NANO (나노),빅톤,1
3292,NG.K,에스이에스,1
3293,NODAY,소년24,1
3294,NODAY,업텐션,1
3295,NODAY,원더걸스,1
3296,NODAY,터치,1
3297,NOPARI (MonoTree),스텔라,1
3298,OK GO!,비투비,1
3299,NOPARI (MonoTree),투피엠,1
3300,NORU (노루),글램,1
3301,NORU (노루),멜로디데이,1
3302,Nada,와썹,1
3303,Nakeisha Boozer,비에이피,1
3304,Namu,빅플로,1
3305,New Day,매드타운,1
3306,New Sun,소나무,1
3307,Newbrick,매드타운,1
3308,Nicholas Kim,유키스,1
3309,NieN,로미오,1
3310,NieN,인피니트,1
3311,Night & Day,써니힐,1
3312,Nuvo City,멜로디데이,1
3313,Misfit,포미닛,1
3314,Misfit,트랙스,1
3315,Misfit,인피니트,1
3316,Misfit,에이오에이,1
3317,Mafly,펜타곤,1
3318,Mage,소년공화국,1
3319,Mandy Ventrice,씨스타,1
3320,March,골든차일드,1
3321,Maria Marcus,나인뮤지스,1
3322,Matthew Heath,유니크,1
3323,Maxx Song,뉴이스트,1
3324,Maxx Song,라붐,1
3325,Maxx Song,비원에이포,1
3326,Maxx Song,유키스,1
3327,May Bee,브라운 아이드 걸스,1
3328,Mayu Wakisaka,갓세븐,1
3329,Mayu Wakisaka,에이핑크,1
3330,Mayu Wakisaka,오마이걸,1
3331,Mayu Wakisaka,트와이스,1
3332,Megatone (13),몬스타엑스,1
3333,Melody9,신화,1
3334,Melody9,틴탑,1
3335,Micahel Jay,소녀시대,1
3336,Michael Cortes,이엑스피에디션,1
3337,Midas-T,브이엔티,1
3338,Midas-T,아이오아이,1
3339,Minuki,동방신기,1
3340,Minuki,브라운 아이드 걸스,1
3341,Minuki,와이투케이,1
3342,Minuki,파란,1
3343,Mirror Boy,신화,1
3344,Misfit,구구단,1
3345,Misfit,에스에프나인,1
3346,O.V,더보이즈,1
3347,Oliver Goodman,워너비,1
3348,Ryan Yoo,동방신기,1
3349,Ricky,레인보우,1
3350,RAINSTONE,투포케이,1
3351,RING,스피카,1
3352,RIONA,리얼걸프로젝트,1
3353,RONALD FROST,슈퍼주니어,1
3354,ROZ,슈퍼주니어,1
3355,RT-T,투피엠,1
3356,Ragoon IM,엔소닉,1
3357,Ragoon IM,투에이엠,1
3358,Raki,엠블랙,1
3359,Realmeee,동방신기,1
3360,Red Rocket,타이니지,1
3361,Rich Jang,몬스타엑스,1
3362,Ricky,달샤벳,1
3363,Ricky,라붐,1
3364,Ricky,에이프릴,1
3365,Ollounder,엔플라잉,1
3366,Ricky,엘씨나인,1
3367,Ricky,클릭비,1
3368,Rjanah,비에이피,1
3369,Rjanah,인투잇,1
3370,Rocketeer,디베이스,1
3371,Rohan Heath,나인뮤지스,1
3372,Rook IM,엔소닉,1
3373,Rook IM,투에이엠,1
3374,RoseBeetz,트랙스,1
3375,Roxta,마이네임,1
3376,Roxwell,써니힐,1
3377,Roydo,에이젝스,1
3378,Ryan S. Jhun,스피카,1
3379,Ryan S. Jhun,타히티,1
3380,R.A.M,디유닛,1
3381,Question,애프터 스쿨,1
3382,Pro C (프로씨),프로씨,1
3383,Primeboi,터보,1
3384,Ollounder,인피니트,1
3385,Ollounder,틴탑,1
3386,Onesta,달샤벳,1
3387,Onesta,멜로디데이,1
3388,Onestar,엘리스,1
3389,Onestar,온앤오프,1
3390,Outsidaz,디엠티엔,1
3391,PASCAL GUYON,동방신기,1
3392,PETER HARTMANN,러블리즈,1
3393,PINKMOON (핑크문),이엑스아이디,1
3394,Party in My Pool,워너원,1
3395,Patrick `J. Que` Smith,레인즈,1
3396,Paul Drew,더블에스오공일,1
3397,Peakboy (픽보이),헬로비너스,1
3398,Peter,비투비,1
3399,Peter,트러블 메이커,1
3400,Peter Barringer,더블에스오공일,1
3401,Peter Rocks,엠아이비,1
3402,Polar Monkeys,제아 파이브,1
3403,Poli,헤일로,1
3404,Ponde,레인즈,1
3405,Ponde,비에이피,1
3406,Ponde,업텐션,1
3407,Ponde,여자친구,1
3408,Ponde,인투잇,1
3409,Ponde,트와이스,1
3410,Postino,에스이에스,1
3411,Presley Daniel,쥬얼리,1
3412,Primeboi,갓세븐,1
3413,William Pyon,신화,1
3414,William Pyon,플라이 투 더 스카이,1
3415,WithSoul,로미오,1
3416,고동균,우주소녀,1
3417,강호연,쥬얼리,1
3418,강후,클릭비,1
3419,강희윤,보이 클럽,1
3420,개미,비원에이포,1
3421,개미,써니힐,1
3422,개미,크레용팝,1
3423,개미,타히티,1
3424,개코,엑소,1
3425,개코,인피니트 에이치,1
3426,검은띠,god,1
3427,결경,프리스틴,1
3428,경리 (나인뮤지스),나인뮤지스,1
3429,경진희 (Jam Factory),슈퍼 주니어-디앤이,1
3430,고기태,더블에스오공일,1
3431,고민애,에이젝스,1
3432,구지안,오렌지캬라멜,1
3433,고운,베리굿,1
3434,고재형,샤크라,1
3435,고지현,에스아이에스,1
3436,골드피그,매드타운,1
3437,골드피그,유키스,1
3438,곰돌군,테이크,1
3439,공뱅,엘에이유,1
3440,공현식,애프터 스쿨,1
3441,곽소영,샤이니,1
3442,곽영준,브라운 아이드 걸스,1
3443,구슬윤,구구단,1
3444,구슬윤,샤이니,1
3445,구인회,에이젝스,1
3446,구자경,백퍼센트,1
3447,강현종,핑클,1
3448,강현옥,잉크,1
3449,강현민,위키미키,1
3450,강타 (KANGTA),슈퍼주니어,1
3451,강은경,에이젝스,1
3452,강은경,에이프릴,1
3453,강은경,에프티 아일랜드,1
3454,강은경,오마이걸,1
3455,강은경,오션,1
3456,강은경,제이워크,1
3457,강은경,쥬얼리,1
3458,강은경,쿨,1
3459,강은경,플라이 투 더 스카이,1
3460,강은유,몬스타엑스,1
3461,강은유,비에이피,1
3462,강은정,레드벨벳,1
3463,강이든,소녀시대-태티서,1
3464,강인원,핑클,1
3465,강인정,비아이지,1
3466,강전명,달샤벳,1
3467,강전명,베리굿,1
3468,강전명,소년공화국,1
3469,강전명,에이프릴,1
3470,강전명,카라,1
3471,강전명,티아라,1
3472,강전명,틴트,1
3473,강정훈,씨스타,1
3474,강준우,슈퍼주니어,1
3475,강지원,갱키즈,1
3476,강지원,비스트,1
3477,강지원,써니힐,1
3478,강지원,트와이스,1
3479,강타 (KANGTA),소녀시대,1
3480,구지안,아이오아이,1
3481,구지은,에스에프나인,1
3482,WithSoul,엘리스,1
3483,김기범,갱키즈,1
3484,김건우,멜로디데이,1
3485,김건우,써니데이즈,1
3486,김건우,씨엘씨,1
3487,김건우,아이즈,1
3488,김건우,에이핑크,1
3489,김건우,쥬얼리,1
3490,김경,보이프렌드,1
3491,김경,우주소녀,1
3492,김경래,쿨,1
3493,김광진,god,1
3494,김광진,동방신기,1
3495,김광진,멜로디데이,1
3496,김규완,에이젝스,1
3497,김규원,샤이니,1
3498,김기범,비스트,1
3499,구태우,레드벨벳,1
3500,김기범,써니힐,1
3501,김기범,투에이엠,1
3502,김기범,트랙스,1
3503,김기범,티아라,1
3504,김나영,쥬얼리,1
3505,김나율,유키스,1
3506,김낙준,버즈,1
3507,김남경,힌트,1
3508,김남희,신화,1
3509,김대현,샤크라,1
3510,김도완,테이크,1
3511,김도헌,알이에프,1
3512,김도현,더블에스오공일,1
3513,김도훈 (RBW),구구단,1
3514,김건우,BP 라니아,1
3515,길다솜,스피드,1
3516,기희현,빈챈현스S,1
3517,기현 (몬스타엑스),몬스타엑스,1
3518,구태우,샤이니,1
3519,구태우,슈퍼 주니어-디앤이,1
3520,구하라 (카라),카라,1
3521,국여진,오마이걸,1
3522,굿초이스,모모랜드,1
3523,권기명,에스이에스,1
3524,권선익,걸스데이,1
3525,권선익,달샤벳,1
3526,권선익,우주소녀,1
3527,권성준,에스이에스,1
3528,권순관,투에이엠,1
3529,권순일 (어반 자카파),슈퍼주니어,1
3530,권순일 (어반 자카파),투에이엠,1
3531,권윤정,동방신기,1
3532,권윤정,소녀시대,1
3533,권윤정,천상지희 더 그레이스,1
3534,권은빈,(여자)아이들,1
3535,권은빈,비투비,1
3536,권은빈,펜타곤,1
3537,권정열,오렌지캬라멜,1
3538,권종희,파이브,1
3539,권태은,투피엠,1
3540,권필립,하이라이트,1
3541,그루지오 (GRUZIO),스피카,1
3542,근육맨,피에스타,1
3543,기리보이,씨스타,1
3544,기리보이,우주소녀,1
3545,기섭 (U-Kiss),유키스,1
3546,기승주,트랙스,1
3547,강은경,슈퍼주니어,1
3548,강은경,비투비,1
3549,강은경,비원에이포,1
3550,ZELKOVA(젤코바),워너비,1
3551,Yorkie,씨엘씨,1
3552,Yorkie,트와이스,1
3553,Young H. Kim,소녀시대,1
3554,Young H. Kim,신화,1
3555,Young K,갓세븐,1
3556,Young K,업텐션,1
3557,Young Kim,에스이에스,1
3558,Young Sky,비투비,1
3559,Young Sky,슈퍼주니어,1
3560,Young Sky,트러블 메이커,1
3561,Young-Hu Kim,동방신기,1
3562,Young-Hu Kim,엑소,1
3563,Young-Hu Kim,플라이 투 더 스카이,1
3564,Yukinojo Mori,트랙스,1
3565,ZINGER,시크릿,1
3566,강원석,태사자,1
3567,ZNEE,더보이즈,1
3568,ZNEE,동방신기,1
3569,ZNEE,브이에이브이,1
3570,ZNEE,오마이걸,1
3571,ZNEE,크로스진,1
3572,ZNEE,티아라,1
3573,ZZOO,신화,1
3574,Zeenan,멜로디데이,1
3575,Zeenan,블락비,1
3576,ZeroZine (MosPick),신화,1
3577,ZigZag Note,라붐,1
3578,ZigZag Note,마이네임,1
3579,ZigZag Note,씨엘씨,1
3580,ZigZag Note,카라,1
3581,Yorkie,신화,1
3582,Yorkie,미쓰에이,1
3583,Yoda,플라이 투 더 스카이,1
3584,Yoda,제이워크,1
3585,Wizil,갓세븐,1
3586,Wizil,투피엠,1
3587,Wollbeck Anders,쥬얼리,1
3588,Wonderkid,베이비복스,1
3589,Wonderkid,비에이피,1
3590,Wonderkid,워너원,1
3591,Wonderkid,유니티,1
3592,Wonderkid,투에이엠,1
3593,XEFIX82,비에이,1
3594,XYZ,플라이 투 더 스카이,1
3595,Xepy,구구단,1
3596,Xepy,에스에프나인,1
3597,Xepy,우주소녀,1
3598,Xepy,이블,1
3599,Xepy,인피니트 에이치,1
3600,Y-MORRIS,제국의 아이들,1
3601,YELLA D (옐라디),몬스타엑스,1
3602,YELLA D (옐라디),보이프렌드,1
3603,YOSKE,아스트로,1
3604,YOSKE,업텐션,1
3605,YOSKE,유니티,1
3606,YOSKE,제이비제이,1
3607,YOUNG H.KIM,슈퍼주니어,1
3608,YOUNG H.KIM,플라이 투 더 스카이,1
3609,YUE,데이식스,1
3610,YUE,베리굿,1
3611,Ye-Yo!,에스에프나인,1
3612,Ylva Dimberg,프리스틴,1
3613,Yoda,슈퍼주니어,1
3614,ZigZag Note,트와이스,1
3615,Zion.T,엠블랙,1
3616,Zion.T,인피니트 에이치,1
3617,the channels,걸스데이,1
3618,zomay,갓세븐,1
3619,zomay,몬스타엑스,1
3620,zomay,빅톤,1
3621,zomay,아스트로,1
3622,zomay,틴탑,1
3623,和音,룰라,1
3624,가면라이더,라붐,1
3625,가면라이더,에스에프나인,1
3626,가호 (Gaho),샤이니,1
3627,감동is,마마무,1
3628,감동is,모모랜드,1
3629,감동is,임팩트,1
3630,감성소녀,타히티,1
3631,강명신,라붐,1
3632,강명신,아이비아이,1
3633,강명신,에스아이에스,1
3634,강명신,유키스,1
3635,강명신,타히티,1
3636,강민혁 (CNBLUE),씨엔블루,1
3637,강봉구,배틀,1
3638,강승식 (VICTON),빅톤,1
3639,강승원,슈퍼주니어,1
3640,강양구,투에이엠,1
3641,강우경,비오케이,1
3642,강우경,오션,1
3643,강우경,티맥스,1
3644,강욱진,빅뱅,1
3645,강욱진,위너,1
3646,강원석,에스이에스,1
3647,yeoby,로미오,1
3648,the O (더오),비아이지,1
3649,cahki,러브,1
3650,swai (스와이),써니힐,1
3651,danke,구구단,1
3652,e.one,갓세븐,1
3653,e.one,나인뮤지스 A,1
3654,e.one,레인보우,1
3655,e.one,스피드,1
3656,e.one,카라,1
3657,e.one,플라이 투 더 스카이,1
3658,eMpty,오마이걸,1
3659,earattack,스트레이 키즈,1
3660,earattack,아이오아이,1
3661,earattack,제이비제이,1
3662,earattack,터보,1
3663,iHwak,워너원,1
3664,iHwak,위너,1
3665,indi K,걸스데이,1
3666,kenzie,블랙 비트,1
3667,kenzie,에스이에스,1
3668,luvssong,에이핑크,1
3669,mNine (엠나인),프로씨,1
3670,mOnSteR nO.9,베리굿,1
3671,mia,아스트로,1
3672,naru (THE SOLUTIONS),데이식스,1
3673,oharseys,레인즈,1
3674,pH-1,트랙스,1
3675,real-fantasy,스누퍼,1
3676,real-fantasy,아스트로,1
3677,real-fantasy,유니티,1
3678,real-fantasy,틴탑,1
3679,revel (Strike),골든차일드,1
3680,Mafly,틴탑,1
3681,Mafly,티알씨엔지,1
3682,Mafly,티아라,1
3683,D.A.(Black),시크릿,1
3684,Carl Utbult,슈퍼주니어,1
3685,Carsten Lindberg,소녀시대,1
3686,Chance,비에이피,1
3687,Chance,투피엠,1
3688,Chloe,업텐션,1
3689,Chris W. Williams,파란,1
3690,Christian Weber,더블에스오공일,1
3691,CliMXX,뉴이스트,1
3692,Climber,유키스,1
3693,Coach & Sendo,더보이즈,1
3694,Courtney Woolsey,레인즈,1
3695,Cray Bin,구구단 오구오구,1
3696,Crizzy & Guy,갓세븐,1
3697,Crush,엠블랙,1
3698,D.ana(디애나),옆집소녀,1
3699,D`DAY,쥬얼리,1
3700,DADA,몬스타엑스,1
3701,DAVINK (다빈크),러블리즈,1
3702,DAVINK (다빈크),제이워크,1
3703,DAX,걸스데이,1
3704,DAX,달샤벳,1
3705,DJ NURE,유니크,1
3706,DJ R2,달샤벳,1
3707,DJ R2,애프터 스쿨,1
3708,DJ Tama,쥬얼리,1
3709,DK,백퍼센트,1
3710,DK,슈퍼주니어,1
3711,DK4알지,노이즈,1
3712,DMEANOR (디미너),플라이 투 더 스카이,1
3713,D`DAY,맵식스,1
3714,Captain Planet,에이핑크,1
3715,Camaron Forbes,유키스,1
3716,Caesar & Loui,비투비,1
3717,CODE 9,위키미키,1
3718,BreadBeat (TENTEN),유앤비,1
3719,BreadBeat (TENTEN),투에이엠,1
3720,Brian Kim,뉴이스트,1
3721,Brian Kim,샤이니,1
3722,Brian Kim,소녀시대-태티서,1
3723,Brian Kim,원더걸스,1
3724,Brian Kim,제이비제이,1
3725,Brittani Marthena White,피에스타,1
3726,Browncloud,신화,1
3727,ButterFly,구구단,1
3728,ButterFly,에이프릴,1
3729,C-2,샤이니,1
3730,C-Lov,블레이디,1
3731,C-luv,디유닛,1
3732,C-no,뉴이스트,1
3733,C-no,달샤벳,1
3734,C-no,멜로디데이,1
3735,C-no,비원에이포,1
3736,C-no,스카프,1
3737,C-no,인피니트,1
3738,CALII,업텐션,1
3739,CAP,틴탑,1
3740,CARL MCGRIER,샤이니,1
3741,CARLOS BATTEY,아이콘,1
3742,CARLSON SANNIE,쥬얼리,1
3743,CHOICE37,블랙핑크,1
3744,CHOICE37,투애니원,1
3745,CNBLUE (씨엔블루),씨엔블루,1
3746,CODE 9,아스트로,1
3747,D`DAY,스매쉬 (토니 & 스매쉬),1
3748,D`DAY,피에스타,1
3749,Eunsol (1008),마이틴,1
3750,EB,헤일로,1
3751,Devin Hoffman,레인즈,1
3752,Devine Channel,핫샷,1
3753,Distract,JJ 프로젝트,1
3754,Dr. B,갓세븐,1
3755,Dr.JO,구구단,1
3756,Dr.JO,구구단 세미나,1
3757,Dr.JO,에이프릴,1
3758,Dr.JO,엘리스,1
3759,Dr.JO,투에이엠,1
3760,Drew Ryan Scott,샤이니,1
3761,Drew Ryan Scott,엔소닉,1
3762,Drew Ryan Scott,투하트,1
3763,E.G,오렌지캬라멜,1
3764,E.black,보이프렌드,1
3765,EJAE,이엑스아이디,1
3766,D`DAY,헤일로,1
3767,ESBEE,골든차일드,1
3768,ESBEE,매드타운,1
3769,ESBEE,슈퍼주니어,1
3770,ESBEE,씨스타,1
3771,ESBEE,아이오아이,1
3772,ESBEE,업텐션,1
3773,ESBEE,워너원,1
3774,EachONE,제이비제이,1
3775,Eastwest,소나무,1
3776,Eastwest,터보,1
3777,Eddie Shin,신화,1
3778,Eden Beatz,여자친구,1
3779,Eniac,멜로디데이,1
3780,Erin Reid,샤이니,1
3781,Devil Cat,에스에프나인,1
3782,Design88,유니티,1
3783,Denis Seo,허니스트,1
3784,Denis Seo,크레용팝,1
3785,Dakyung Lee,마이틴,1
3786,Daniel Durn,레인즈,1
3787,Daniel Kim,신화,1
3788,Daniel Kim,이블,1
3789,Daniel R.,걸스데이,1
3790,Danis Seo,틴탑,1
3791,Danny Chung,블랙핑크,1
3792,Davey Nate,마이틴,1
3793,David D.A Doman,유키스,1
3794,David Kim,뉴이스트,1
3795,David Kim,맵식스,1
3796,David Kim,멜로디데이,1
3797,David Kim,씨엘씨,1
3798,David Kim,아이오아이,1
3799,David Kim,유키스,1
3800,David Kim,제국의 아이들,1
3801,David Kim,포미닛,1
3802,David Kim,헬로비너스,1
3803,Deanfluenza,매드타운,1
3804,Deanfluenza,백퍼센트,1
3805,Deanfluenza,블락비,1
3806,Deanfluenza,블락비 바스타즈,1
3807,Deanfluenza,엑소,1
3808,Deanfluenza,유니크,1
3809,Deanfluenza,히스토리,1
3810,Denis Seo,뉴이스트,1
3811,Denis Seo,써니힐,1
3812,Denis Seo,에이젝스,1
3813,Denis Seo,에이프릴,1
3814,BreadBeat (TENTEN),워너원,1
3815,BreadBeat (TENTEN),씨엘씨,1
3816,BreadBeat (TENTEN),비투비,1
3817,A-Rod,빅톤,1
3818,36.5,피에스타,1
3819,40,크나큰,1
3820,4realz,비스트,1
3821,4번타자,멜로디데이,1
3822,4번타자,티아라,1
3823,5$,몬스타엑스,1
3824,72,엔소닉,1
3825,77어린이,비투비,1
3826,77어린이,빅스,1
3827,79,다이아,1
3828,9999,씨스타,1
3829,9999,아이오아이,1
3830,9999,인피니트 에이치,1
3831,A-DUST,제국의 아이들,1
3832,A4,에이포,1
3833,BreadBeat (TENTEN),비에이피,1
3834,AIS,빅스,1
3835,AK47,에이핑크,1
3836,AMIllO (아밀로),갓세븐,1
3837,ANDRE MIEUX,더블에스오공일,1
3838,ANGELA PEEL,슈퍼주니어,1
3839,AOA,에이오에이,1
3840,AQX,제이와이제이,1
3841,ARIN,(여자)아이들,1
3842,ARRAN,프로미스나인,1
3843,ASSBRASS,씨스타,1
3844,ASSBRASS,워너원,1
3845,ASSBRASS,트와이스,1
3846,ATM,모모랜드,1
3847,AiRPLAY,비에이,1
3848,3534,태사자,1
3849,3534,엔알지,1
3850,3534,알이에프,1
3851,2S,뉴이스트,1
3852,100%서정,아스트로,1
3853,100%서정,엑소,1
3854,100%서정,첸백시,1
3855,100%서정,트랙스,1
3856,100%서정,티알씨엔지,1
3857,110403,업텐션,1
3858,12월 32일,뉴이스트 W,1
3859,1601,소나무,1
3860,1601,에이프릴,1
3861,1601,카드,1
3862,17HOLIC,빅스,1
3863,17HOLIC,소나무,1
3864,17HOLIC,소년공화국,1
3865,17HOLIC,씨리얼,1
3866,17HOLIC,투피엠,1
3867,17HOLIC,틴탑,1
3868,1Hz,업텐션,1
3869,1of1,제이비제이,1
3870,1월 8일,구구단,1
3871,1월 8일,비에이피,1
3872,1월 8일,빅스,1
3873,1월 8일,샤이니,1
3874,1월 8일,소녀시대-태티서,1
3875,1월 8일,슈퍼 주니어-디앤이,1
3876,1월 8일,슈퍼주니어,1
3877,1월 8일,에스아이에스,1
3878,1월 8일,엔소닉,1
3879,220 VOLT,써니데이즈,1
3880,2Face,투에이엠,1
3881,Airship,지피베이직,1
3882,Alex,에스에프나인,1
3883,Alto,로미오,1
3884,BULL$EYE,아스트로,1
3885,BULL$EYE,유니티,1
3886,BULL$EYE,인투잇,1
3887,BUMZU,슈퍼주니어,1
3888,BUMZU,애프터 스쿨,1
3889,BUMZU,투피엠,1
3890,BUMZU,프로미스나인,1
3891,BUMZU,프리스틴,1
3892,BYP,쥬얼리,1
3893,Balance Kim,마이틴,1
3894,Banana,골든차일드,1
3895,Bekuh BOOM,위너,1
3896,Bello,아스트로,1
3897,Bello,업텐션,1
3898,Bello,제이비제이,1
3899,Bello,틴탑,1
3900,Benny Banana,달샤벳,1
3901,BiNTAGE,몬스타엑스,1
3902,Billion Dollar Baby,원더걸스,1
3903,Blacc Hole,달샤벳,1
3904,Black Edition,아스트로,1
3905,Black Edition,여자친구,1
3906,Blenn,카드,1
3907,Blue Bus,샤이니,1
3908,Blue Magic,엠블랙,1
3909,Blueblack,다이아,1
3910,Bluesun,갓세븐,1
3911,Bonnee,인투잇,1
3912,Bra Bus,타히티,1
3913,BreadBeat (TENTEN),(여자)아이들,1
3914,BULL$EYE,업텐션,1
3915,BULL$EYE,바이칼,1
3916,Anchor,프리스틴,1
3917,BULL$EYE,맵식스,1
3918,Andreas Hojgaard Rasmussen,레인즈,1
3919,Andrew Baag,빅스,1
3920,Antwann Frost,슈퍼주니어,1
3921,Any Masingga,(여자)아이들,1
3922,Any Masingga,에이프릴,1
3923,Any Masingga,우주소녀,1
3924,Aron (뉴이스트),뉴이스트,1
3925,Aron (뉴이스트),뉴이스트 W,1
3926,Artronic Waves,이달의 소녀 오드아이써클,1
3927,Ashtray,걸스데이,1
3928,Astroz,포미닛,1
3929,Atozzio,유니크,1
3930,B.A.P,비에이피,1
3931,B.I,위너,1
3932,BEATAMIN,유키스,1
3933,BEOMxNANG,씨엘씨,1
3934,BEOMxNANG,티아라,1
3935,BEVERLY KIDZ,모모랜드,1
3936,BEVERLY KIDZ,빅톤,1
3937,BILL STAX (빌스택스),뉴이스트,1
3938,BILL STAX (빌스택스),몬스타엑스,1
3939,BOBBY,위너,1
3940,BOOMBASTIC,여자친구,1
3941,BOYTOY,나인뮤지스,1
3942,BOYTOY,아이오아이,1
3943,BOYTOY,유키스,1
3944,BPM,비투비,1
3945,BPM,소나무,1
3946,BPM,씨엘씨,1
3947,Eun,샤크라,1
3948,FRANTS,트와이스,1
3949,Mafly,유키스,1
3950,Kojima Mayumi,러블리즈,1
3951,Keienwai,골든차일드,1
3952,Kenzie,소녀시대,1
3953,Kevin,비에이피,1
3954,Kevin Dae,워너원,1
3955,Kevin Kumar,동방신기,1
3956,Keyfly,브이에이브이,1
3957,Keyfly,빅스,1
3958,Keyfly,소나무,1
3959,Keyfly,업텐션,1
3960,Keyfly,오마이걸,1
3961,Keyfly,펜타곤,1
3962,Kikaflo,투윤,1
3963,Kohway,아이즈,1
3964,Kohway,제이비제이,1
3965,Kuan,비아이지,1
3966,Last.P,아이오아이,1
3967,LAYBACKSOUND (레이백사운드),투피엠,1
3968,LC9,엘씨나인,1
3969,LE (EXID),다이아,1
3970,LE (EXID),시크릿,1
3971,LE (EXID),쥬얼리,1
3972,LE (EXID),트러블 메이커,1
3973,LE (EXID),피에스타,1
3974,LEEZ,엔플라잉,1
3975,LEEZ,인피니트,1
3976,LEEZ,카드,1
3977,LIØN,비에이,1
3978,LIØN,워너원,1
3979,LOOGONE,멜로디데이,1
3980,LOOGONE,에이핑크,1
3981,Katrine `Neya` Klith,레인즈,1
3982,Katerina Bramley,에이오에이,1
3983,Kater D,이달의 소녀 오드아이써클,1
3984,Kater D,이달의 소녀 1/3,1
3985,Jimmy Burney,샤이니,1
3986,Jin Choi,소년공화국,1
3987,Jion,다이아,1
3988,Joachim Svares,소녀시대,1
3989,John Mitchell,원더걸스,1
3990,Joleen Bell Jade Anderson,소녀시대,1
3991,Joy Factory,소녀시대,1
3992,Joy Factory,소녀시대-태티서,1
3993,Justin Park,비에이피,1
3994,Justin Reinstein,씨엔블루,1
3995,K-Smith,갱키즈,1
3996,K.Smith,티아라,1
3997,KIRKHAM BRANDON,러블리즈,1
3998,KOFI OWUSUOFORI,샤이니,1
3999,KUPA,걸스데이,1
4000,KUPA,미쓰에이,1
4001,KUPA,에이핑크,1
4002,KUPA,쥬얼리,1
4003,KUSH,맙,1
4004,KUSH,투애니원,1
4005,KZ,맵식스,1
4006,KZ,버즈,1
4007,KZ,소나무,1
4008,KZ,스매쉬 (토니 & 스매쉬),1
4009,KZ,인피니트,1
4010,KZ,크로스진,1
4011,Kako,트와이스,1
4012,Kalsae,초신성,1
4013,Kasper,레인보우,1
4014,Laken,마마무,1
4015,Last.P,에이프릴,1
4016,FREAKCHILD,더블에스오공일,1
4017,MR.강,틴탑,1
4018,MELODESIGN,뉴이스트,1
4019,MGMZ,업텐션,1
4020,MICHEAL MUNCIE,슈퍼주니어,1
4021,MIHO,마이틴,1
4022,MILLENNIUM,아이콘,1
4023,MILLENNIUM,위너,1
4024,MINIGUN,백퍼센트,1
4025,MINO,아이콘,1
4026,MINO,젝스키스,1
4027,MONSTER FACTORY,달샤벳,1
4028,MONSTER FACTORY,이엑스아이디,1
4029,MQ,슈퍼주니어,1
4030,MR.CHO,갓세븐,1
4031,MR.CHO,트와이스,1
4032,MU-D9 (뮤디나인),빅톤,1
4033,Last.P,카드,1
4034,Macdonnell Douglass,트랙스,1
4035,MachWave,레인보우,1
4036,Mad Soul Child,러브,1
4037,Mafly,나인뮤지스,1
4038,Mafly,뉴이스트,1
4039,Mafly,동방신기,1
4040,Mafly,라붐,1
4041,Mafly,레인보우,1
4042,Mafly,레인즈,1
4043,Mafly,마이네임,1
4044,Mafly,소나무,1
4045,Mafly,소년공화국,1
4046,Mafly,씨엘씨,1
4047,Mafly,업텐션,1
4048,MC 몽,쿨,1
4049,MC 몽,디엠티엔,1
4050,MC Meta,샤이니,1
4051,MAYFLY,틴탑,1
4052,Le`mon,(여자)아이들,1
4053,Le`mon,동방신기,1
4054,Le`mon,몬스타엑스,1
4055,Le`mon,위키미키,1
4056,Le`mon,헤일로,1
4057,Lee Brian D,씨엘씨,1
4058,LeeOn,더블에스오공일,1
4059,LeeOn,소녀시대,1
4060,Lesley Chiang,투피엠,1
4061,Lindblom Mattias,쥬얼리,1
4062,Loki,마이틴,1
4063,Long Candy,라붐,1
4064,Long Candy,모모랜드,1
4065,Long Candy,베스티,1
4066,Long Candy,씨스타,1
4067,Long Candy,씨엘씨,1
4068,Long Candy,아이오아이,1
4069,Long Candy,제이제이씨씨,1
4070,Luizy,유니크,1
4071,Lydia Paek,투애니원,1
4072,M (이민우),원더걸스,1
4073,M (이민우),틴탑,1
4074,M (이민우),포미닛,1
4075,MACHINE,워너원,1
4076,MAKER,업텐션,1
4077,MARCO SONCINI,위키미키,1
4078,MARCO SONCINI,쥬얼리,1
4079,MAYFLY,스누퍼,1
4080,MAYFLY,업텐션,1
4081,Jimmy Andrew Richard,동방신기,1
4082,Jerry.L,투에이엠,1
4083,Jerry.L,씨엘씨,1
4084,GREG LYNCH,슈퍼주니어,1
4085,GDLO (MonoTree),씨엘씨,1
4086,GDLO (MonoTree),에이오에이,1
4087,GDLO (MonoTree),에이핑크,1
4088,GDLO (MonoTree),온앤오프,1
4089,GDLO (MonoTree),우주소녀,1
4090,GDLO (MonoTree),이달의 소녀 오드아이써클,1
4091,GDLO (MonoTree),인피니트,1
4092,GDLO (MonoTree),클릭비,1
4093,GDLO (MonoTree),투피엠,1
4094,GDLO (MonoTree),프리스틴,1
4095,GENTLEMAN,달샤벳,1
4096,GENTLEMAN,유키스,1
4097,GG Riggs,유니크,1
4098,GR8MOON,업텐션,1
4099,GRVVITY,워너원,1
4100,Jay Lee,에이오에이,1
4101,Gabriel Steve Lopez,슈퍼주니어,1
4102,Gavin,골든차일드,1
4103,Genneo,포미닛,1
4104,Giino,지지배,1
4105,Goldfingerz,엔소닉,1
4106,Good Life,비투비,1
4107,Good Life,빅톤,1
4108,Goodnite,디유닛,1
4109,Goodnite,미스터미스터,1
4110,Goodnite,유키스,1
4111,Goodnite,트러블 메이커,1
4112,Greig Watts,더블에스오공일,1
4113,Groovie. K,에스이에스,1
4114,Gustav Karlstrom,프리스틴,1
4115,GDLO (MonoTree),뉴이스트,1
4116,GDLO (MonoTree),갓세븐,1
4117,GARDEN,포미닛,1
4118,GALLERY,인피니트,1
4119,FS,갓세븐,1
4120,Famous Bro,아이오아이,1
4121,Ferdy (MosPick),(여자)아이들,1
4122,Flow Blow,제이비제이,1
4123,Fraktal,크레용팝,1
4124,Francis Sooho Kim,유니크,1
4125,Frederik Tao Nordsoe Schjoldan,샤이니,1
4126,Fredrik Hult,슈퍼주니어,1
4127,Fridolin Nordsoe Schjoldan,샤이니,1
4128,Fukuyama Masaharu,투에이엠,1
4129,Fuxxy,(여자)아이들,1
4130,Fuxxy,우주소녀,1
4131,G-DRAGON,아이콘,1
4132,G-DRAGON,지디 앤 태양,1
4133,G-DRAGON,투애니원,1
4134,G-High (MonoTree),나인뮤지스,1
4135,G-High (MonoTree),레드벨벳,1
4136,G-High (MonoTree),레이디스 코드,1
4137,G-High (MonoTree),로미오,1
4138,G-High (MonoTree),멜로디데이,1
4139,G-High (MonoTree),보이프렌드,1
4140,G-High (MonoTree),소녀시대,1
4141,G-High (MonoTree),스텔라,1
4142,G-High (MonoTree),씨엘씨,1
4143,G-High (MonoTree),에스이에스,1
4144,G-High (MonoTree),에이핑크,1
4145,G. 고릴라,브라운 아이드 걸스,1
4146,G.Soul,엑소,1
4147,GALLERY,이엑스아이디,1
4148,Gyuberlake,하이라이트,1
4149,HAAS,히스토리,1
4150,HENNEY (헤니),인피니트 에이치,1
4151,JQ,다이아,1
4152,JQ,맵식스,1
4153,JQ,모모랜드,1
4154,JQ,소녀시대,1
4155,JQ,스매쉬 (토니 & 스매쉬),1
4156,JQ,에프엑스,1
4157,JQ,워너원,1
4158,JQ,유앤비,1
4159,JQ,유키스,1
4160,JQ,이엑스아이디,1
4161,JS,디헤븐,1
4162,JS,브레이브걸스,1
4163,JUNB,비에이,1
4164,JUNB,아이비아이,1
4165,JUNB,에스아이에스,1
4166,JUNB,에이치유비,1
4167,JUNZO,골든차일드,1
4168,JUUNO (캐스커),더블에스오공일,1
4169,JUUNO (캐스커),베이비복스,1
4170,Jam Factory,리얼걸프로젝트,1
4171,Jam Factory,핫샷,1
4172,James Read,소녀시대,1
4173,Jamie,블랙 비트,1
4174,Jamie,신화,1
4175,Jane Maximova,샤이니,1
4176,Jarah Lafayette Gibson,유니크,1
4177,Jasmine Kearse,피에스타,1
4178,Jay Choi,나인뮤지스,1
4179,Jay Kim,에이치오티,1
4180,Jay Kim,유키스,1
4181,JQ,더보이즈,1
4182,JQ,구구단,1
4183,HILO (Isaac Han),마이틴,1
4184,JOKER,이엑스아이디,1
4185,HOODY,크로스진,1
4186,HUX,에이치유비,1
4187,HWA.B,씨스타,1
4188,Ham,햄,1
4189,Hamilton,틴탑,1
4190,Hash Swan,마마무,1
4191,Hathor,라붐,1
4192,Heaven Light,씨엔블루,1
4193,Hezen,엔플라잉,1
4194,Hi-Graphy (Iconic Sounds),빅톤,1
4195,Hitchhiker,소녀시대,1
4196,Hj,씨리얼,1
4197,Hugo (휴고),헤일로,1
4198,I AM,유키스,1
4199,IL,이엑스아이디,1
4200,Ilanguaq `ilang` Lumholt,비아이지,1
4201,Isayama Mio,BP 라니아,1
4202,J&S,디헤븐,1
4203,J-HO,쥬얼리,1
4204,J-Kwondo,유키스,1
4205,J-Lin,매드타운,1
4206,J.M. Feliciano,천상지희 더 그레이스,1
4207,JACKSON JOHNNY LEE,god,1
4208,JAN MICHAEL LANGHOFF,러블리즈,1
4209,JBJ,제이비제이,1
4210,JDS,쿨,1
4211,JEFFERSON JOSEPH BANKS,god,1
4212,JOHN HO,샤이니,1
4213,JOKER,에이핑크,1
4214,김도훈 (RBW),달샤벳,1
4215,김도훈 (RBW),베이비복스,1
4216,김도훈 (RBW),슈퍼주니어,1
4217,박지연 (MonoTree),레이디스 코드,1
4218,박정민,레인보우,1
4219,박정욱,로미오,1
4220,박정욱,비아이지,1
4221,박정욱,애플비,1
4222,박정욱,카드,1
4223,박종근,레인보우,1
4224,박종근,플라이 투 더 스카이,1
4225,박주연,구피,1
4226,박주현,마틸다,1
4227,박준용,백퍼센트,1
4228,박준하,동방신기,1
4229,박준하,소녀시대,1
4230,박지연,업텐션,1
4231,박지연,에스에프나인,1
4232,박지연 (MonoTree),엘리스,1
4233,박창현,밀크,1
4234,박지예,솔리드,1
4235,박지희,엑소,1
4236,박지희,첸백시,1
4237,박진영,나인뮤지스,1
4238,박진영,아이오아이,1
4239,박진영,언니쓰,1
4240,박진영,에스이에스,1
4241,박진영,이엑스아이디,1
4242,박진호,스피카,1
4243,박찬석,컬러링 베이비 7공주,1
4244,박찬일,보이 클럽,1
4245,박창학,동방신기,1
4246,박창학,써니힐,1
4247,박창학,에스이에스,1
4248,박정란,티티마,1
4249,박정란,태사자,1
4250,박재삼,러브,1
4251,박재경,더블에스오공일,1
4252,박소정,원더걸스,1
4253,박수석,비스트,1
4254,박수석,씨스타,1
4255,박수석,우주소녀,1
4256,박수석,투윤,1
4257,박수석,티알씨엔지,1
4258,박수석,헬로비너스,1
4259,박순철,틴탑,1
4260,박시연,보이스립,1
4261,박영호,비트윈,1
4262,박용인 (어반 자카파),헬로비너스,1
4263,박용준,핫샷,1
4264,박우상,마이네임,1
4265,박우상,미쓰에이,1
4266,박우상,비투비,1
4267,박우상,에이오에이,1
4268,박우현,빅스,1
4269,박우현,펜타곤,1
4270,박원,트와이스,1
4271,박은우,씨스타,1
4272,박은우,우주소녀,1
4273,박은우,티알씨엔지,1
4274,박이수,에이오에이,1
4275,박장근,god,1
4276,박장근,걸스데이,1
4277,박장근,더블에스오공일,1
4278,박장근,배틀,1
4279,박장근,신화,1
4280,박장근,투피엠,1
4281,100%서정,소녀시대-태티서,1
4282,박창현,소녀시대,1
4283,벤지 (비아이지),비아이지,1
4284,배희경,클릭비,1
4285,배성현,비에이피,1
4286,배성현,샤이니,1
4287,배성현,유앤비,1
4288,배은정,컬러링 베이비 7공주,1
4289,배정은,핑클,1
4290,배진렬 (JR Groove),걸스데이,1
4291,배진렬 (JR Groove),빅뱅,1
4292,배진렬 (JR Groove),카라,1
4293,배진렬 (JR Groove),투엑스,1
4294,배진렬 (JR Groove),히스토리,1
4295,배진영,에스에프나인,1
4296,배화영,슈퍼주니어,1
4297,배화영,엔알지,1
4298,배화영,플라이 투 더 스카이,1
4299,백곰,프로미스나인,1
4300,박창현,신화,1
4301,백금민 (Jam Factory),동방신기,1
4302,백지헌,프로미스나인,1
4303,백찬,비스트,1
4304,백찬,시크릿,1
4305,백찬,투에이엠,1
4306,백충렬,베이비복스,1
4307,백현 (BAEKHYUN),엑소,1
4308,버벌진트,베이비복스,1
4309,버벌진트,씨스타,1
4310,버피 (BUFFY),프로씨,1
4311,범이,갓세븐,1
4312,범이,다이아,1
4313,범이,에이핑크,1
4314,범이,티아라,1
4315,배성현,모모랜드,1
4316,배성준,오션,1
4317,배방진,초신성,1
4318,배방진,백퍼센트,1
4319,박창현,파이브,1
4320,박채원,에스이에스,1
4321,박채원,원더걸스,1
4322,박충광,제이워크,1
4323,박충민,비투비,1
4324,박충민,클릭비,1
4325,박테리아,알,1
4326,박하라는,이블,1
4327,박해문,파란,1
4328,박해인,더블에스오공일,1
4329,박해인,카라,1
4330,박해일 (Yummy Tone),(여자)아이들,1
4331,박해일 (Yummy Tone),씨엘씨,1
4332,박현우,허니스트,1
4333,박현중,헬로비너스,1
4334,박혜수,미쓰에이,1
4335,박혜수,카라,1
4336,박홍준,빅뱅,1
4337,반미선,에스아이에스,1
4338,반미선,투피엠,1
4339,반형문,매드타운,1
4340,방승철,더블에스오공일,1
4341,방시혁,비스트,1
4342,방시혁,티아라,1
4343,방시혁,틴탑,1
4344,방정문,백퍼센트,1
4345,방탄소년단,투에이엠,1
4346,배민수,더보이즈,1
4347,배민영,코코소리,1
4348,박세현,카라,1
4349,박세현,더블에스오공일,1
4350,박세준,스피드,1
4351,미풍,마이네임,1
4352,미미 (오마이걸),오마이걸 반하나,1
4353,미성,브라운 아이드 걸스,1
4354,미성,인피니트,1
4355,미스티,브라운 아이드 걸스,1
4356,미오 (MIO),대국남아,1
4357,미오 (MIO),신화,1
4358,미진,씨유,1
4359,미친감성,맵식스,1
4360,미친감성,버즈,1
4361,미친감성,소나무,1
4362,미친감성,인피니트,1
4363,미친감성,크로스진,1
4364,미친감성,히스토리,1
4365,미친손가락,워너원,1
4366,민,미쓰에이,1
4367,박세준,빅스,1
4368,민경진,엘에이유,1
4369,민명기,에이젝스,1
4370,민명기,에프티 아일랜드,1
4371,민명기,초신성,1
4372,민명기,클릭비,1
4373,민명기,파이브,1
4374,민설,플라이 투 더 스카이,1
4375,민스토리,워너비,1
4376,민아 (걸스데이),걸스데이,1
4377,민연재,구구단,1
4378,민연재,러블리즈,1
4379,민연재,마마무,1
4380,민연재,미쓰에이,1
4381,민연재,비투비,1
4382,미료,엠앤엔,1
4383,미료,라붐,1
4384,미나,트와이스,1
4385,미나,구구단 세미나,1
4386,메이비 (Maybee),에이핑크,1
4387,메이비 (Maybee),엠블랙,1
4388,메이비 (Maybee),핑클,1
4389,멜로디공작소,다이아,1
4390,멜로디데이 (MelodyDay),멜로디데이,1
4391,명인희,에프티 아일랜드,1
4392,모모,트와이스,1
4393,못말,아이콘,1
4394,무,알이에프,1
4395,무,언타이틀,1
4396,무,엔알지,1
4397,무스 (MOOS),매드타운,1
4398,무스 (MOOS),프로씨,1
4399,문 킴 (Moon Kim),백퍼센트,1
4400,문 킴 (Moon Kim),업텐션,1
4401,문 킴 (Moon Kim),티알씨엔지,1
4402,문기환,뉴이스트,1
4403,문두리,슈퍼주니어,1
4404,문별 (마마무),옆집소녀,1
4405,문설리,골든차일드,1
4406,문설리,인피니트,1
4407,문설리,티아라,1
4408,문성훈,엔알지,1
4409,문준영 (ZE:After),제국의 아이들,1
4410,문지환,쿨,1
4411,문한미루,신화,1
4412,문희연,레드벨벳,1
4413,물만난물고기,제이워크,1
4414,미(MIIII),달샤벳,1
4415,민연재,빅스,1
4416,민연재,샤이니,1
4417,민연재,스텔라,1
4418,박기현,우주소녀,1
4419,박남훈,제이티엘,1
4420,박덕상,대국남아,1
4421,박덕상,헬로비너스,1
4422,박덕정,버즈,1
4423,박동규,더블에스오공일,1
4424,박동규,초신성,1
4425,박민정,써니힐,1
4426,박범근,에이치유비,1
4427,박상일,달샤벳,1
4428,박상준,스맥스,1
4429,박상준,제국의 아이들,1
4430,박상준,크레용팝,1
4431,박상준,포미닛,1
4432,박상헌,오렌지캬라멜,1
4433,박선민,룰라,1
4434,박선율,헤일로,1
4435,박선주 (Pak Sun Zoo),투에이엠,1
4436,박성수,샤이니,1
4437,박성수,에스이에스,1
4438,박성운,티맥스,1
4439,박성호,빅플로,1
4440,박성호 (구피),크레용팝,1
4441,박성희,레드벨벳,1
4442,박성희,비비드,1
4443,박성희,빅스,1
4444,박성희,샤이니,1
4445,박성희,슈퍼주니어,1
4446,박성희,엑소,1
4447,박성희,첸백시,1
4448,박나래,솔리드,1
4449,박기완,신화,1
4450,민연재,에스아이에스,1
4451,박기완,소녀시대,1
4452,민연재,엑소,1
4453,민연재,워너원,1
4454,민연재,유키스,1
4455,민연재,인피니트F,1
4456,민연재,초신성,1
4457,민연재,테이크,1
4458,민연재,투에이엠,1
4459,민연재,틴탑,1
4460,민영기,브라운 아이드 걸스,1
4461,민지영,노이즈,1
4462,민지영,파이브,1
4463,민혁,맵식스,1
4464,밍키 (RBW),아스트로,1
4465,바닐라맨 (바닐라어쿠스틱),씨엘씨,1
4466,바람,빅스타,1
4467,박건호,원타임,1
4468,박건호,핑클,1
4469,박경,블락비,1
4470,박경 (블락비),더보이즈,1
4471,박경진,에스이에스,1
4472,박광현,신화,1
4473,박규리 (카라),카라,1
4474,박근철,레인보우,1
4475,박근철,위키미키,1
4476,박근철,제국의 아이들,1
4477,박근철,트랙스,1
4478,박근철,포미닛,1
4479,박근태,소년공화국,1
4480,박기영,에스이에스,1
4481,범키,인피니트 에이치,1
4482,벨라,엘리스,1
4483,머쉬멜로우,다이아,1
4484,손고은 (MonoTree),온앤오프,1
4485,소연,비투비,1
4486,소연,씨엘씨,1
4487,소연,제이비제이,1
4488,소연,펜타곤,1
4489,소연 (LABOUM),라붐,1
4490,소울맨,지피베이직,1
4491,소울진,파이브,1
4492,소유 (SOYOU),씨스타,1
4493,소정 (레이디스 코드),레이디스 코드,1
4494,소진 (나인뮤지스),나인뮤지스,1
4495,소크라테스,비투비,1
4496,소피야 (Sophiya),트랙스,1
4497,소피야 (Sophiya),프리스틴,1
4498,소현,나인뮤지스,1
4499,손나은 (에이핑크),에이핑크,1
4500,송민아,클릭비,1
4501,손동운,비스트,1
4502,손성희,버즈,1
4503,손주영,뉴이스트,1
4504,손지창,비원에이포,1
4505,손창일,달샤벳,1
4506,손혜성,나인뮤지스 A,1
4507,손혜성,라붐,1
4508,손혜성,레인보우,1
4509,솔희,비에이피,1
4510,송경일,히스토리,1
4511,송광식,에스,1
4512,송기원,제이워크,1
4513,송대기,에프티 아일랜드,1
4514,송동운,블락비,1
4515,소미,언니쓰,1
4516,소라,비투비,1
4517,소라,마마무,1
4518,소년비행,마마무,1
4519,서지음,에스이에스,1
4520,서지음,에이오에이,1
4521,서지음,제이워크,1
4522,서지음,클릭비,1
4523,서지음,피에스타,1
4524,서지음,헬로비너스,1
4525,서태지,방탄소년단,1
4526,서하나,라붐,1
4527,서하나,스맥스,1
4528,서하나,파란,1
4529,서해원,브라운 아이드 걸스,1
4530,석성원,에스이에스,1
4531,선데이 브런치,에프엑스,1
4532,선우정아,투애니원,1
4533,성대현,알이에프,1
4534,성민 (SUNGMIN),슈퍼주니어,1
4535,성상민,테이크,1
4536,성우석,파란,1
4537,성준,소년공화국,1
4538,성진,업텐션,1
4539,성진,오션,1
4540,성현,파란,1
4541,성현빈,레드벨벳,1
4542,성현빈,미쓰에이,1
4543,성환,씨리얼,1
4544,세리 (달샤벳),달샤벳,1
4545,세이,브이엔티,1
4546,션리,디헤븐,1
4547,소나무 (SONAMOO),소나무,1
4548,송민소,코코소리,1
4549,송민아,핑클,1
4550,변무혁,빅톤,1
4551,신디,엠블랙,1
4552,슬리피,포미닛,1
4553,슬옹,투에이엠,1
4554,승민,스트레이 키즈,1
4555,승호 (MBLAQ),엠블랙,1
4556,승희,다이아,1
4557,승희 (오마이걸),오마이걸 반하나,1
4558,시나에,걸스데이,1
4559,시우,엠블랙,1
4560,시원 (SIWON),슈퍼주니어,1
4561,시진,나인뮤지스,1
4562,시진,신화,1
4563,시현,알이에프,1
4564,신동관,클릭비,1
4565,신동혁,틴탑,1
4566,신또,비아이지,1
4567,송민주(Jam Factory),슈퍼주니어,1
4568,신명호,엔알지,1
4569,신민규,에프티 아일랜드,1
4570,신사동 호랭이,다소니,1
4571,신사동 호랭이,빅스,1
4572,신사동 호랭이,소녀시대,1
4573,신사동 호랭이,시크릿,1
4574,신사동 호랭이,씨엘씨,1
4575,신사동 호랭이,유니티,1
4576,신사동 호랭이,쥬얼리,1
4577,신사동 호랭이,투피엠,1
4578,신사동 호랭이,트러블 메이커,1
4579,신사동 호랭이,파이브돌스,1
4580,신사동호랭이,포미닛,1
4581,신상근,터치,1
4582,슬리피,에이코어,1
4583,스페이스카우보이 (SPACECOWBOY),스피카,1
4584,스트라이크,인피니트,1
4585,스타트랙,비에이피,1
4586,송봉조,비원에이포,1
4587,송봉조,소녀시대,1
4588,송성준,비원에이포,1
4589,송수윤,로미오,1
4590,송수윤,비스트,1
4591,송수윤,스누퍼,1
4592,송수윤,에이스타일,1
4593,송수윤,에프엑스,1
4594,송수윤,인피니트F,1
4595,송수윤,틴탑,1
4596,송양하,마이네임,1
4597,송양하,애프터 스쿨,1
4598,송재원,비원에이포,1
4599,송지훈,비에이,1
4600,송캐럿 (Jam Factory),티알씨엔지,1
4601,쇼리,키스&크라이,1
4602,수 (Soo),투포케이,1
4603,수미,소녀시대,1
4604,수지 (SUZY),미쓰에이,1
4605,수퍼터치,백퍼센트,1
4606,수호,블레이디,1
4607,수호,하이포,1
4608,숨,레인보우,1
4609,슈가,슈가,1
4610,슈퍼 창따이,레이디스 코드,1
4611,슈퍼창따이,투에이엠,1
4612,슈퍼히어로,알이에프,1
4613,스윙스,빅스,1
4614,스윙스,인피니트 에이치,1
4615,서지음,업텐션,1
4616,서지음,아이오아이,1
4617,서지음,아스트로,1
4618,빅톤,씨스타,1
4619,블랙아이드 필승,우주소녀,1
4620,비록 (B-Rock),매드타운,1
4621,비범 (블락비),블락비,1
4622,비범 (블락비),블락비 바스타즈,1
4623,비오 (B.O.),마마무,1
4624,비즈니즈,티맥스,1
4625,비지 (Bizzy),엠아이비,1
4626,비지 (Bizzy),유키스,1
4627,빅 바운스,구피,1
4628,빅뱅 (방승철),더블에스오공일,1
4629,빅브래드,이엑스아이디,1
4630,빅싼초 (Yummy Tone),(여자)아이들,1
4631,빅싼초 (Yummy Tone),에이코어,1
4632,빅톤,달샤벳,1
4633,빅톤,젝스키스,1
4634,서지음,씨스타,1
4635,빅톤,투애니원,1
4636,빅톤,히스토리,1
4637,빈지노 (Beenzino),인피니트 에이치,1
4638,빌리어코스티,아스트로,1
4639,빨간머리앤,베리굿,1
4640,빨간머리앤,우주소녀,1
4641,빨간머리앤,크레용팝,1
4642,빨간양말,써니힐,1
4643,빨간양말,헬로비너스,1
4644,빼꼼,프로미스나인,1
4645,사나,트와이스,1
4646,사이먼 도미닉,엠블랙,1
4647,산들 (B1A4),비원에이포,1
4648,산체스 (Sanchez),다이아,1
4649,블랙아이드 필승,에이오에이 크림,1
4650,블랙아이드 필승,비투비-블루,1
4651,블랙아이드 필승,미쓰에이,1
4652,블랙소울,배틀,1
4653,변방의 킥소리,갓세븐,1
4654,변현민,레인즈,1
4655,변현민,보이프렌드,1
4656,별나라 언니,베리굿,1
4657,별들의 전쟁,BP 라니아,1
4658,별들의 전쟁,브레이브걸스,1
4659,별들의 전쟁,에이핑크,1
4660,별들의 전쟁,우주소녀,1
4661,별들의 전쟁,제아 파이브,1
4662,별들의 전쟁,터치,1
4663,보나 (샤크라),샤크라,1
4664,복상수,비아이지,1
4665,봉은영,동방신기,1
4666,봉은영,에스이에스,1
4667,북극곰,걸스데이,1
4668,북극곰,다이아,1
4669,북극곰,멜로디데이,1
4670,북극곰,스피드,1
4671,북극곰,엠블랙,1
4672,북극곰,워너비,1
4673,북극곰,이엑스아이디,1
4674,북극곰,제국의 아이들,1
4675,북극곰,제아 파이브,1
4676,북극곰,파이브돌스,1
4677,북극곰,피에스타,1
4678,불타는 고구마,블레이디,1
4679,브라더수,블랙핑크,1
4680,브라더수,우주소녀,1
4681,블랙 라벨,인피니트,1
4682,상민,크로스진,1
4683,상원,슈퍼주니어,1
4684,상원,신화,1
4685,서의범,씨엘씨,1
4686,서이래,업텐션,1
4687,서인영,쿨,1
4688,서재우 (TENTEN),(여자)아이들,1
4689,서재우 (TENTEN),달샤벳,1
4690,서재우 (TENTEN),더보이즈,1
4691,서재우 (TENTEN),리얼걸프로젝트,1
4692,서재우 (TENTEN),유앤비,1
4693,서재우 (TENTEN),투윤,1
4694,서재하,마마무,1
4695,서재하,베리굿,1
4696,서재하,유니티,1
4697,서정모,스카프,1
4698,서정아,몬스타엑스,1
4699,서정아,오마이걸,1
4700,서정임,솔리드,1
4701,서정진,빅스,1
4702,서정진,오션,1
4703,서정진,쿨,1
4704,서정환,신화,1
4705,서정환,엠블랙,1
4706,서정환,포미닛,1
4707,서준,엔소닉,1
4708,서준,엠블랙,1
4709,서지은,티알씨엔지,1
4710,서지음,걸스데이,1
4711,서지음,리얼걸프로젝트,1
4712,서지음,멜로디데이,1
4713,서지음,소년공화국,1
4714,서지음,슈퍼 주니어-디앤이,1
4715,서의범,원더걸스,1
4716,서의범,소나무,1
4717,상추,티아라,1
4718,서의범,비투비,1
4719,새벽,달샤벳,1
4720,새벽,에이핑크,1
4721,새벽,포미닛,1
4722,새벽3시,맵식스,1
4723,샵건,몬스타엑스,1
4724,서동성,버즈,1
4725,서동성,스맥스,1
4726,서동성,허니스트,1
4727,서동원,에이포,1
4728,서로(Jam Factory),슈퍼 주니어-디앤이,1
4729,서림,첸백시,1
4730,서상욱,온앤오프,1
4731,서승희,브라운 아이드 걸스,1
4732,서용배 (TENTEN),(여자)아이들,1
4733,서용배 (TENTEN),리얼걸프로젝트,1
4734,서용배 (TENTEN),마마무,1
4735,서용배 (TENTEN),비원에이포,1
4736,서용배 (TENTEN),애프터 스쿨,1
4737,서용배 (TENTEN),엠블랙,1
4738,서용배 (TENTEN),인피니트,1
4739,서용배 (TENTEN),투윤,1
4740,서용배 (TENTEN),펜타곤,1
4741,서웅,노이즈,1
4742,서유석,레이디스 코드,1
4743,서유석,소나무,1
4744,서윤정,베이비 복스 리브,1
4745,서융근,에스이에스,1
4746,서은광,비투비,1
4747,서의범,레이디스 코드,1
4748,머스탱,터보,1
4749,맹지나,브이에이브이,1
4750,김도훈 (RBW),아이즈,1
4751,김재호,히스토리,1
4752,김인형,소녀시대-태티서,1
4753,김인형,슈퍼 주니어-디앤이,1
4754,김인형,슈퍼주니어,1
4755,김인형,에프엑스,1
4756,김일주,오션,1
4757,김장현,써니힐,1
4758,김재덕,제이엔씨,1
4759,김재덕,젝스키스,1
4760,김재섭,유키스,1
4761,김재양,에스에프나인,1
4762,김재원,에스에프나인,1
4763,김재현,샤이니,1
4764,김재현,에이프릴,1
4765,김재현,크로스진,1
4766,김정남,터보,1
4767,김준범,소녀시대,1
4768,김정배,샤이니,1
4769,김정배,소녀시대-태티서,1
4770,김정태,오션,1
4771,김정현,알이에프,1
4772,김제로,히스토리,1
4773,김조한,악동 클럽 (디 에이디),1
4774,김종민,투에이엠,1
4775,김종서,서태지와 아이들,1
4776,김종숙,베이비복스,1
4777,김종숙,신화,1
4778,김좌영,빅톤,1
4779,김좌영,아스트로,1
4780,김주영,테이크,1
4781,김준,아이콘,1
4782,김인형,구구단,1
4783,김이나,헤일로,1
4784,김이나,플라이 투 더 스카이,1
4785,김이나,파이브돌스,1
4786,김은수,뉴이스트,1
4787,김은수,더블에스 삼공일,1
4788,김은수,러블리즈,1
4789,김은수,써니힐,1
4790,김은수,에프엑스,1
4791,김은수,원더걸스,1
4792,김은수,제국의 아이들,1
4793,김은수,투에이엠,1
4794,김은아,맵식스,1
4795,김은아,스매쉬 (토니 & 스매쉬),1
4796,김은영,써니힐,1
4797,김이나,더블에스오공일,1
4798,김이나,동방신기,1
4799,김이나,레인보우 블랙,1
4800,김이나,몬스타엑스,1
4801,김이나,미쓰에이,1
4802,김이나,백퍼센트,1
4803,김이나,빅뱅,1
4804,김이나,슈퍼주니어,1
4805,김이나,씨엔블루,1
4806,김이나,에프엑스,1
4807,김이나,엑소,1
4808,김이나,여자친구,1
4809,김이나,오렌지캬라멜,1
4810,김이나,우주소녀,1
4811,김이나,제국의 아이들,1
4812,김이나,쥬얼리,1
4813,김이나,첸백시,1
4814,김이나,타히티,1
4815,김준,티맥스,1
4816,김준범,씨리얼,1
4817,김태윤,레인보우,1
4818,김창락,제아 파이브,1
4819,김진훈,마이틴,1
4820,김진훈,쿨,1
4821,김진훈,트랙스,1
4822,김진희,스피카,1
4823,김진희,초신성,1
4824,김찬진,애프터 스쿨,1
4825,김창기,씨스타,1
4826,김창락,걸스데이,1
4827,김창락,구구단,1
4828,김창락,마마무,1
4829,김창락,마이네임,1
4830,김창락,비에이,1
4831,김창락,빅스,1
4832,김창락,에프티 아일랜드,1
4833,김창락,크레용팝,1
4834,김준오,멜로디데이,1
4835,김창락,트와이스,1
4836,김창락,허니스트,1
4837,김창환,마마무,1
4838,김창환,베이비 복스 리브,1
4839,김태성,라붐,1
4840,김태성,빅톤,1
4841,김태성,소녀시대,1
4842,김태성,터치,1
4843,김태성,하이라이트,1
4844,김태성,히스토리,1
4845,김태영,비스트,1
4846,김태영,티맥스,1
4847,김태완,더블에스오공일,1
4848,김태완,신화,1
4849,김진환,플라이 투 더 스카이,1
4850,김진환,신화,1
4851,김진환,샤이니,1
4852,김진환,멜로디데이,1
4853,김준일,비아이지,1
4854,김준일,샤이니,1
4855,김준일,애플비,1
4856,김준일,카드,1
4857,김준환,룰라,1
4858,김쥬디,틴탑,1
4859,김지수,엠블랙,1
4860,김지향,구구단 세미나,1
4861,김지향,뉴이스트,1
4862,김지향,베리굿,1
4863,김지향,에이젝스,1
4864,김지향,타히티,1
4865,김지향,포미닛,1
4866,김지현,유키스,1
4867,김지후,동방신기,1
4868,김지후,천상지희 더 그레이스,1
4869,김진경,에스이에스,1
4870,김진권,신화,1
4871,김진아,베이비 복스 리브,1
4872,김진아,보이스립,1
4873,김진아,비투비,1
4874,김진아,스맥스,1
4875,김진아,알,1
4876,김진아,오션,1
4877,김진아,쥬얼리,1
4878,김진주,멜로디데이,1
4879,김진주,에프엑스,1
4880,김진표,god,1
4881,김진환,더블에스오공일,1
4882,김윤주 (옥상달빛),빅스,1
4883,김윤아,슈퍼주니어,1
4884,김윤민,프리스틴 V,1
4885,김선민,샤크라,1
4886,김보경,인투잇,1
4887,김보배,인투잇,1
4888,김보아,스피카,1
4889,김보아,애프터 스쿨,1
4890,김보아 (스피카),에이프릴,1
4891,김보은,슈퍼 주니어-디앤이,1
4892,김보은,에이오에이,1
4893,김부민,레드벨벳,1
4894,김부민,엑소,1
4895,김부민,인피니트,1
4896,김부민,첸백시,1
4897,김상균,엘리스,1
4898,김서정,비에이피,1
4899,김석현,소녀시대,1
4900,김성규,인피니트,1
4901,김윤민,비에이피,1
4902,김성용,포미닛,1
4903,김성원,시크릿,1
4904,김성일,샤크라,1
4905,김성태,오션,1
4906,김성태,컬러링 베이비 7공주,1
4907,김성태,투엑스,1
4908,김성훈,스맥스,1
4909,김세문,마마무,1
4910,김세문,에스에프나인,1
4911,김세진,더블에스오공일,1
4912,김세진,오션,1
4913,김세진,쿨,1
4914,김세진,플라이 투 더 스카이,1
4915,김세한,베리굿,1
4916,김보경,스매쉬 (토니 & 스매쉬),1
4917,김병화,쿨,1
4918,김방희,솔리드,1
4919,김박사,미스터미스터,1
4920,김도훈 (RBW),에스에프나인,1
4921,김도훈 (RBW),에프티 아일랜드,1
4922,김도훈 (RBW),티아라,1
4923,김동률,투에이엠,1
4924,김동열,유키스,1
4925,김동열,인투잇,1
4926,김동열,포미닛,1
4927,김동준,제국의 아이들,1
4928,김동현,에스이에스,1
4929,김동현,포미닛,1
4930,김동휘,달샤벳,1
4931,김두현,빅스,1
4932,김미영,에프엑스,1
4933,김미진,구구단,1
4934,김미진,구구단 오구오구,1
4935,김미진,신화,1
4936,김미진,에이프릴,1
4937,김민정,멜로디데이,1
4938,김민정,세븐틴,1
4939,김민정,소녀시대-태티서,1
4940,김민정,에프엑스,1
4941,김민준,이엑스아이디,1
4942,김민준,클릭비,1
4943,김민지,베이비 복스 리브,1
4944,김민지 (Jam Factory),소녀시대,1
4945,김민지 (Jam Factory),알,1
4946,김민지 (Jam Factory),트와이스,1
4947,김민혁,뉴이스트,1
4948,김민호,비투비,1
4949,김수미,레인보우,1
4950,김수미,타히티,1
4951,김수빈,에프티 아일랜드,1
4952,김영후,엑소,1
4953,김영희,에스이에스,1
4954,김예린,멜로디데이,1
4955,김용호,에이포,1
4956,김우디,더블에스오공일,1
4957,김우주,동방신기,1
4958,김욱,노이즈,1
4959,김원,갓세븐,1
4960,김원,워너원,1
4961,김원,초신성,1
4962,김원,투피엠,1
4963,김원,트와이스,1
4964,김원,프로씨,1
4965,김원식,빅스,1
4966,김원혁,투포케이,1
4967,김유경,대국남아,1
4968,김유경,멜로디데이,1
4969,김유경,비스트,1
4970,김유경,비투비,1
4971,김유라,밀크,1
4972,김유민,제국의 아이들,1
4973,김유민,크레용팝,1
4974,김유석,나인뮤지스,1
4975,김유석,동방신기,1
4976,김유석,레인보우,1
4977,김유석,마이네임,1
4978,김유석,에이프릴,1
4979,김유석,에이핑크,1
4980,김유숭,디베이스,1
4981,김유주,디헤븐,1
4982,김영후,오션,1
4983,김영후,에프엑스,1
4984,김수연 (Jam Factory),슈퍼 주니어-디앤이,1
4985,김영후,소녀시대,1
4986,김수정,나인뮤지스,1
4987,김수정,동방신기,1
4988,김수정,모모랜드,1
4989,김수정,베리굿,1
4990,김수정,써니힐,1
4991,김수정,우주소녀,1
4992,김수지,에이치오티,1
4993,김수철,유키스,1
4994,김수현,솔리드,1
4995,김수현,신화,1
4996,김승수,유니티,1
4997,김승일,클릭비,1
4998,김승준,몬스타엑스,1
4999,김신일,베이비 복스 리브,1
5000,김신일,지피베이직,1
5001,김애니,베이비복스,1
5002,김양하 (Jamfactory),에스에프나인,1
5003,김연정,슈퍼주니어,1
5004,김영기,플라이 투 더 스카이,1
5005,김영아,더블에스오공일,1
5006,김영아,레인보우,1
5007,김영아,신화,1
5008,김영아,써클,1
5009,김영아,에이젝스,1
5010,김영아,카라,1
5011,김영아,티티마,1
5012,김영아,파이브,1
5013,김영아,하이라이트,1
5014,김영후,동방신기,1
5015,김태원,씽,1
5016,김태윤,베이비복스,1
5017,맵식스 (MAP6),맵식스,1
5018,라이머,나인뮤지스,1
5019,라도,제국의 아이들,1
5020,라도,제아 파이브,1
5021,라도,투엑스,1
5022,라도,트러블 메이커,1
5023,라디 (Ra. D),투에이엠,1
5024,라디 (Ra. D),투피엠,1
5025,라디오갤럭시,스피드,1
5026,라디오갤럭시,키스&크라이,1
5027,라붐(LABOUM),라붐,1
5028,라비 (빅스),멜로디데이,1
5029,라비 (빅스),엘리스,1
5030,라스트 드림,인피니트,1
5031,라영씨,펜타곤,1
5032,라영씨,포미닛,1
5033,라이머,뉴이스트 W,1
5034,렌 (뉴이스트),뉴이스트 W,1
5035,라이머,아이오아이,1
5036,라이머,크로스진,1
5037,라이머,티맥스,1
5038,라즈베리필드,티티마,1
5039,라파엘,골든차일드,1
5040,랍스타(Rapsta),라붐,1
5041,레노,하이포,1
5042,레드락,제국의 아이들,1
5043,레몬트리,노이즈,1
5044,레온,써니데이즈,1
5045,레온,제아 파이브,1
5046,레이나 (Raina),애프터 스쿨,1
5047,레이나 (Raina),오렌지캬라멜,1
5048,레트로펑키,여자친구,1
5049,라도,이엑스아이디,1
5050,라도,오렌지캬라멜,1
5051,라도,비투비,1
5052,라도,미쓰에이,1
5053,도운,데이식스,1
5054,동네형,빅톤,1
5055,동네형,신화,1
5056,동네형,업텐션,1
5057,동네형,우주소녀,1
5058,동네형,유키스,1
5059,동네형,제이와이제이,1
5060,동우,인피니트,1
5061,동호 (U-Kiss),유키스,1
5062,동훈,에이스,1
5063,드라마틱스,제국의 아이들,1
5064,디노 (DINO),헤일로,1
5065,디스크 브라더스,디엠티엔,1
5066,디아,트와이스,1
5067,디액션 (D.Action),비에이피,1
5068,디액션 (D.Action),헤일로,1
5069,디즈,미쓰에이,1
5070,디즈,엘리스,1
5071,디즈,투에이엠,1
5072,디파이,마이네임,1
5073,디함,신화,1
5074,딥플로우,샤이니,1
5075,똘아이박,몬스타엑스,1
5076,똘아이박,빅스,1
5077,똘아이박,써스포,1
5078,똘아이박,유키스,1
5079,똘아이박,틴트,1
5080,라도,god,1
5081,라도,갱키즈,1
5082,렌,백퍼센트,1
5083,로꼬,마마무,1
5084,김태윤,빅톤,1
5085,마리오,시크릿,1
5086,릴보이 (긱스),인피니트 에이치,1
5087,마경식,스맥스,1
5088,마경식,와이투케이,1
5089,마경식,클레오,1
5090,마르코,달샤벳,1
5091,마르코,러블리즈,1
5092,마르코,비스트,1
5093,마르코,소년24,1
5094,마르코,스피드,1
5095,마르코,스피카,1
5096,마르코,업텐션,1
5097,마르코,에이핑크,1
5098,마르코,티아라,1
5099,마리오,구구단,1
5100,마리오,에프티 아일랜드,1
5101,로얄 플러시,스누퍼,1
5102,마리오,초신성,1
5103,마리오,투윤,1
5104,마부스,빅플로,1
5105,마부스,유키스,1
5106,마부스 (Maboos),마이네임,1
5107,마부스 (Maboos),빅플로,1
5108,마부스 (Maboos),써스포,1
5109,마부스 (Maboos),파이브돌스,1
5110,마이노스 (MINOS),샤이니,1
5111,마이크로닷 (Microdot),다이아,1
5112,마일 (Maeel),트와이스,1
5113,마일로,로미오,1
5114,마티 (MATHI),위키미키,1
5115,매드클라운,보이프렌드,1
5116,릴보이 (긱스),마마무,1
5117,린,제이티엘,1
5118,리키,이블,1
5119,리시,매드타운,1
5120,로우,브이에이브이,1
5121,로이도,더보이즈,1
5122,로이도,비에이피,1
5123,로이도,워너원,1
5124,로이도,유앤비,1
5125,로이도,펜타곤,1
5126,로켓펀치,유키스,1
5127,로코베리,티아라,1
5128,루시 (LUCY),베리굿,1
5129,루이,마마무,1
5130,루이,비원에이포,1
5131,루이,파란,1
5132,루이 (긱스),마마무,1
5133,루이 (긱스),몬스타엑스,1
5134,루이 (긱스),인피니트 에이치,1
5135,류광민,티맥스,1
5136,류광민,헬로비너스,1
5137,류다솜,빅스,1
5138,류다솜,엑소,1
5139,류수정 (러블리즈),러블리즈,1
5140,류우,헬로비너스,1
5141,류재현,에프티 아일랜드,1
5142,류형섭,신화,1
5143,를(LEL),나인뮤지스,1
5144,를(LEL),투피엠,1
5145,리노,스트레이 키즈,1
5146,리리크루,러블리즈,1
5147,리시,골든차일드,1
5148,리시,뉴이스트,1
5149,도나,크레용팝,1
5150,도깨비 (Tokkaebi),투피엠,1
5151,데이브레이크 (DAYBREAK),써니힐,1
5152,김희선,뉴이스트,1
5153,김형성,베리굿,1
5154,김혜선,에스이에스,1
5155,김혜선,와이투케이,1
5156,김혜선,핑클,1
5157,김혜성,레인보우 픽시,1
5158,김혜정,몬스타엑스,1
5159,김혜정,소녀시대,1
5160,김혜정,엑소,1
5161,김혜지,핑클,1
5162,김호경,온앤오프,1
5163,김호경,카드,1
5164,김환호,디베이스,1
5165,김희락,크레용팝,1
5166,김희선,갱키즈,1
5167,김희선,더블에스오공일,1
5168,데드피 (DEADP),인피니트 에이치,1
5169,김희선,애프터 스쿨,1
5170,김희선,카라,1
5171,김희영,미쓰에이,1
5172,김희영,치치,1
5173,김희영,카라,1
5174,김희원,마이틴,1
5175,김희원,터보,1
5176,김희정,소녀시대,1
5177,김희정,엔소닉,1
5178,김희탐,다소니,1
5179,나노,스위티,1
5180,나도균,히스토리,1
5181,나르샤 (Brown Eyed Girls),엠앤엔,1
5182,나묭,지지배,1
5183,김형석,베이비복스,1
5184,김형규,히스토리,1
5185,김현철,오마이걸,1
5186,김현철,솔리드,1
5187,김태윤,에이핑크,1
5188,김태윤,카라,1
5189,김태윤,핑클,1
5190,김태주,맵식스,1
5191,김태주,스피드,1
5192,김태주,에이핑크,1
5193,김태주,이엑스아이디,1
5194,김태주,쥬얼리,1
5195,김태현,오렌지캬라멜,1
5196,김태현,티아라,1
5197,김태현,힌트,1
5198,김태호,포미닛,1
5199,김태훈,블랙 비트,1
5200,김태희,구피,1
5201,김태희,베이비 복스 리브,1
5202,김태희,젝스키스,1
5203,김태희,케이팝,1
5204,김태희,클릭비,1
5205,김태희,트랙스,1
5206,김하늘,티맥스,1
5207,김해경,에프티 아일랜드,1
5208,김해나,크레용팝,1
5209,김헌주,뉴이스트,1
5210,김현송,유키스,1
5211,김현아,애프터 스쿨,1
5212,김현우,비스트,1
5213,김현우,샤이니,1
5214,김현우,엠블랙,1
5215,김현중,더블에스오공일,1
5216,나병수,타히티,1
5217,나연,트와이스,1
5218,나인뮤지스,나인뮤지스,1
5219,노주환,마이틴,1
5220,노주환,블락비,1
5221,노주환,비원에이포,1
5222,노주환,스카프,1
5223,노주환,씨엘씨,1
5224,노주환,이달의 소녀 1/3,1
5225,노주환,카라,1
5226,노주환,타이니지,1
5227,노지선,프로미스나인,1
5228,노지훈,베리굿,1
5229,누보,에이치유비,1
5230,니켈,에이핑크,1
5231,니켈,이블,1
5232,다나 (DANA),에프엑스,1
5233,다니엘,디엠티엔,1
5234,다빈,제이워크,1
5235,다솜 (씨스타),씨스타,1
5236,다예,베리굿,1
5237,다이나믹 듀오,플라이 투 더 스카이,1
5238,단테,티알씨엔지,1
5239,달리,다이아,1
5240,달리,에스에프나인,1
5241,달리,에이오에이,1
5242,달리,엔플라잉,1
5243,달리,워너원,1
5244,달리,유니티,1
5245,대니,원타임,1
5246,대원 (DAEWON),유앤비,1
5247,더 네임,오션,1
5248,더 네임,우주소녀,1
5249,노주환,베스티,1
5250,노영심,카라,1
5251,나코,시크릿,1
5252,노영심,솔리드,1
5253,남기상,레인보우,1
5254,남기상,소년공화국,1
5255,남기상,우주소녀,1
5256,남기상,카라,1
5257,남기상,티아라,1
5258,남기상,틴트,1
5259,남기상,히스토리,1
5260,낭이,갓세븐,1
5261,낭이,다이아,1
5262,낭이,에이핑크,1
5263,낭이,티아라,1
5264,낯선,베리굿,1
5265,낯선,업텐션,1
5266,낯선,카라,1
5267,낯선,투윤,1
5268,네이슨 (NATHAN),세븐틴,1
5269,노경민,(여자)아이들,1
5270,노는어린이,걸스데이,1
5271,노는어린이,나인뮤지스,1
5272,노는어린이,라붐,1
5273,노는어린이,비아이지,1
5274,노는어린이,씨엘씨,1
5275,노는어린이,아이비아이,1
5276,노는어린이,제아 파이브,1
5277,노는어린이,투에이엠,1
5278,노는어린이,투피엠,1
5279,노도,디유닛,1
5280,노랑 (Yellow),풍뎅이,1
5281,노르웨이 숲,마틸다,1
5282,히든사운드 (HSND),빅톤,1
